HFD + KNN,42.43824332591269%, 8/19,RH,"[33, 36, 43, 0]","HFD over 250-500/500-750/750-1000/1000-1250, k=27"
HFD + KNN,42.5796932773717%, 7/19,RH,"[33, 36, 43, 1]","HFD over 250-500/500-750/750-1000/1000-1250, k=27"
HFD + KNN,50.12847854588727%, 8/19,RH,"[33, 36, 43, 2]","HFD over 250-500/500-750/750-1000/1000-1250, k=27"
HFD + KNN,44.93417561329645%, 6/19,RH,"[33, 36, 43, 3]","HFD over 250-500/500-750/750-1000/1000-1250, k=27"
HFD + KNN,47.61449311795642%, 8/19,RH,"[33, 36, 43, 4]","HFD over 250-500/500-750/750-1000/1000-1250, k=27"
HFD + KNN,41.22643511466972%, 7/19,RH,"[33, 36, 43, 5]","HFD over 250-500/500-750/750-1000/1000-1250, k=27"
HFD + KNN,42.17620519617217%, 8/19,RH,"[33, 36, 43, 6]","HFD over 250-500/500-750/750-1000/1000-1250, k=27"
HFD + KNN,48.09905483079302%, 9/19,RH,"[33, 36, 43, 7]","HFD over 250-500/500-750/750-1000/1000-1250, k=27"
HFD + KNN,40.61858317964403%, 3/19,RH,"[33, 36, 43, 8]","HFD over 250-500/500-750/750-1000/1000-1250, k=27"
HFD + KNN,44.31385902263948%, 7/19,RH,"[33, 36, 43, 9]","HFD over 250-500/500-750/750-1000/1000-1250, k=27"
HFD + KNN,41.40700748770964%, 7/19,RH,"[33, 36, 43, 10]","HFD over 250-500/500-750/750-1000/1000-1250, k=27"
HFD + KNN,46.6845024993242%, 8/19,RH,"[33, 36, 43, 11]","HFD over 250-500/500-750/750-1000/1000-1250, k=27"
HFD + KNN,39.73546151559604%, 6/19,RH,"[33, 36, 43, 12]","HFD over 250-500/500-750/750-1000/1000-1250, k=27"
HFD + KNN,49.949113466696886%, 9/19,RH,"[33, 36, 43, 13]","HFD over 250-500/500-750/750-1000/1000-1250, k=27"
HFD + KNN,47.18289885157533%, 7/19,RH,"[33, 36, 43, 14]","HFD over 250-500/500-750/750-1000/1000-1250, k=27"
HFD + KNN,41.376256204743335%, 7/19,RH,"[33, 36, 43, 15]","HFD over 250-500/500-750/750-1000/1000-1250, k=27"
HFD + KNN,45.97041905037784%, 6/19,RH,"[33, 36, 43, 16]","HFD over 250-500/500-750/750-1000/1000-1250, k=27"
HFD + KNN,39.00230652006634%, 6/19,RH,"[33, 36, 43, 17]","HFD over 250-500/500-750/750-1000/1000-1250, k=27"
HFD + KNN,42.7476952608277%, 7/19,RH,"[33, 36, 43, 18]","HFD over 250-500/500-750/750-1000/1000-1250, k=27"
HFD + KNN,43.159276616603655%, 8/19,RH,"[33, 36, 43, 19]","HFD over 250-500/500-750/750-1000/1000-1250, k=27"
HFD + KNN,43.14827946182129%, 6/19,RH,"[33, 36, 43, 20]","HFD over 250-500/500-750/750-1000/1000-1250, k=27"
HFD + KNN,46.07366381762545%, 8/19,RH,"[33, 36, 43, 21]","HFD over 250-500/500-750/750-1000/1000-1250, k=27"
HFD + KNN,42.56120721984143%, 9/19,RH,"[33, 36, 43, 22]","HFD over 250-500/500-750/750-1000/1000-1250, k=27"
HFD + KNN,44.78840075959227%, 7/19,RH,"[33, 36, 43, 23]","HFD over 250-500/500-750/750-1000/1000-1250, k=27"
HFD + KNN,40.086979178813976%, 8/19,RH,"[33, 36, 43, 24]","HFD over 250-500/500-750/750-1000/1000-1250, k=27"
HFD + KNN,45.155274364077854%, 9/19,RH,"[33, 36, 43, 25]","HFD over 250-500/500-750/750-1000/1000-1250, k=27"
HFD + KNN,44.26881283222857%, 7/19,RH,"[33, 36, 43, 26]","HFD over 250-500/500-750/750-1000/1000-1250, k=27"
HFD + KNN,47.53421250088007%, 8/19,RH,"[33, 36, 43, 27]","HFD over 250-500/500-750/750-1000/1000-1250, k=27"
HFD + KNN,44.650801861361835%, 10/19,RH,"[33, 36, 43, 28]","HFD over 250-500/500-750/750-1000/1000-1250, k=27"
HFD + KNN,51.536966037756905%, 10/19,RH,"[33, 36, 43, 29]","HFD over 250-500/500-750/750-1000/1000-1250, k=27"
HFD + KNN,45.58844083584353%, 9/19,RH,"[33, 36, 43, 30]","HFD over 250-500/500-750/750-1000/1000-1250, k=27"
HFD + KNN,48.479050131324435%, 9/19,RH,"[33, 36, 43, 31]","HFD over 250-500/500-750/750-1000/1000-1250, k=27"
HFD + KNN,49.62796723888195%, 10/19,RH,"[33, 36, 43, 32]","HFD over 250-500/500-750/750-1000/1000-1250, k=27"
HFD + KNN,42.73575603731355%, 7/19,RH,"[33, 36, 43, 33]","HFD over 250-500/500-750/750-1000/1000-1250, k=27"
HFD + KNN,50.48377927933154%, 10/19,RH,"[33, 36, 43, 34]","HFD over 250-500/500-750/750-1000/1000-1250, k=27"
HFD + KNN,42.96471534564361%, 6/19,RH,"[33, 36, 43, 35]","HFD over 250-500/500-750/750-1000/1000-1250, k=27"
HFD + KNN,51.266419130701394%, 11/19,RH,"[33, 36, 43, 36]","HFD over 250-500/500-750/750-1000/1000-1250, k=27"
HFD + KNN,50.604362005653016%, 10/19,RH,"[33, 36, 43, 37]","HFD over 250-500/500-750/750-1000/1000-1250, k=27"
HFD + KNN,49.601768558370836%, 9/19,RH,"[33, 36, 43, 38]","HFD over 250-500/500-750/750-1000/1000-1250, k=27"
HFD + KNN,48.325535345499766%, 8/19,RH,"[33, 36, 43, 39]","HFD over 250-500/500-750/750-1000/1000-1250, k=27"
HFD + KNN,47.15516238890472%, 9/19,RH,"[33, 36, 43, 40]","HFD over 250-500/500-750/750-1000/1000-1250, k=27"
HFD + KNN,43.74103173118692%, 7/19,RH,"[33, 36, 43, 41]","HFD over 250-500/500-750/750-1000/1000-1250, k=27"
HFD + KNN,46.837337231270766%, 9/19,RH,"[33, 36, 43, 42]","HFD over 250-500/500-750/750-1000/1000-1250, k=27"
HFD + KNN,50.85622493695012%, 10/19,RH,"[33, 36, 43, 43]","HFD over 250-500/500-750/750-1000/1000-1250, k=27"
HFD + KNN,48.50961343239831%, 9/19,RH,"[33, 36, 43, 44]","HFD over 250-500/500-750/750-1000/1000-1250, k=27"
HFD + KNN,45.419300559364736%, 10/19,RH,"[33, 36, 43, 45]","HFD over 250-500/500-750/750-1000/1000-1250, k=27"
HFD + KNN,50.222263260169534%, 13/19,RH,"[33, 36, 43, 46]","HFD over 250-500/500-750/750-1000/1000-1250, k=27"
HFD + KNN,45.91012292510877%, 9/19,RH,"[33, 36, 43, 47]","HFD over 250-500/500-750/750-1000/1000-1250, k=27"
HFD + KNN,51.41064825327838%, 10/19,RH,"[33, 36, 43, 48]","HFD over 250-500/500-750/750-1000/1000-1250, k=27"
HFD + KNN,48.50401262616844%, 10/19,RH,"[33, 36, 43, 49]","HFD over 250-500/500-750/750-1000/1000-1250, k=27"
HFD + KNN,45.818213503581426%, 10/19,RH,"[33, 36, 43, 50]","HFD over 250-500/500-750/750-1000/1000-1250, k=27"
HFD + KNN,45.10266812522155%, 9/19,RH,"[33, 36, 43, 51]","HFD over 250-500/500-750/750-1000/1000-1250, k=27"
HFD + KNN,48.59352823173958%, 9/19,RH,"[33, 36, 43, 52]","HFD over 250-500/500-750/750-1000/1000-1250, k=27"
HFD + KNN,49.27610104423428%, 9/19,RH,"[33, 36, 43, 53]","HFD over 250-500/500-750/750-1000/1000-1250, k=27"
HFD + KNN,50.31759455885655%, 9/19,RH,"[33, 36, 43, 54]","HFD over 250-500/500-750/750-1000/1000-1250, k=27"
HFD + KNN,44.90817275838128%, 8/19,RH,"[33, 36, 43, 55]","HFD over 250-500/500-750/750-1000/1000-1250, k=27"
HFD + KNN,49.25550532331918%, 10/19,RH,"[33, 36, 43, 56]","HFD over 250-500/500-750/750-1000/1000-1250, k=27"
HFD + KNN,46.73577746291435%, 9/19,RH,"[33, 36, 43, 57]","HFD over 250-500/500-750/750-1000/1000-1250, k=27"
HFD + KNN,47.39460948461542%, 9/19,RH,"[33, 36, 43, 58]","HFD over 250-500/500-750/750-1000/1000-1250, k=27"
HFD + KNN,49.8937619337162%, 9/19,RH,"[33, 36, 43, 59]","HFD over 250-500/500-750/750-1000/1000-1250, k=27"
HFD + KNN,44.187435760833914%, 9/19,RH,"[33, 36, 43, 60]","HFD over 250-500/500-750/750-1000/1000-1250, k=27"
HFD + KNN,42.43824332591269%, 8/19,RH,[0],"HFD over 250-500/500-750/750-1000/1000-1250, k=27"
HFD + KNN,42.5796932773717%, 7/19,RH,[1],"HFD over 250-500/500-750/750-1000/1000-1250, k=27"
HFD + KNN,50.12847854588727%, 8/19,RH,[2],"HFD over 250-500/500-750/750-1000/1000-1250, k=27"
HFD + KNN,44.93417561329645%, 6/19,RH,[3],"HFD over 250-500/500-750/750-1000/1000-1250, k=27"
HFD + KNN,47.61449311795642%, 8/19,RH,[4],"HFD over 250-500/500-750/750-1000/1000-1250, k=27"
HFD + KNN,41.22643511466972%, 7/19,RH,[5],"HFD over 250-500/500-750/750-1000/1000-1250, k=27"
HFD + KNN,42.17620519617217%, 8/19,RH,[6],"HFD over 250-500/500-750/750-1000/1000-1250, k=27"
HFD + KNN,48.09905483079302%, 9/19,RH,[7],"HFD over 250-500/500-750/750-1000/1000-1250, k=27"
HFD + KNN,40.61858317964403%, 3/19,RH,[8],"HFD over 250-500/500-750/750-1000/1000-1250, k=27"
HFD + KNN,44.31385902263948%, 7/19,RH,[9],"HFD over 250-500/500-750/750-1000/1000-1250, k=27"
HFD + KNN,41.40700748770964%, 7/19,RH,[10],"HFD over 250-500/500-750/750-1000/1000-1250, k=27"
HFD + KNN,46.6845024993242%, 8/19,RH,[11],"HFD over 250-500/500-750/750-1000/1000-1250, k=27"
HFD + KNN,39.73546151559604%, 6/19,RH,[12],"HFD over 250-500/500-750/750-1000/1000-1250, k=27"
HFD + KNN,49.949113466696886%, 9/19,RH,[13],"HFD over 250-500/500-750/750-1000/1000-1250, k=27"
HFD + KNN,47.18289885157533%, 7/19,RH,[14],"HFD over 250-500/500-750/750-1000/1000-1250, k=27"
HFD + KNN,41.376256204743335%, 7/19,RH,[15],"HFD over 250-500/500-750/750-1000/1000-1250, k=27"
HFD + KNN,45.97041905037784%, 6/19,RH,[16],"HFD over 250-500/500-750/750-1000/1000-1250, k=27"
HFD + KNN,39.00230652006634%, 6/19,RH,[17],"HFD over 250-500/500-750/750-1000/1000-1250, k=27"
HFD + KNN,42.7476952608277%, 7/19,RH,[18],"HFD over 250-500/500-750/750-1000/1000-1250, k=27"
HFD + KNN,43.159276616603655%, 8/19,RH,[19],"HFD over 250-500/500-750/750-1000/1000-1250, k=27"
HFD + KNN,43.14827946182129%, 6/19,RH,[20],"HFD over 250-500/500-750/750-1000/1000-1250, k=27"
HFD + KNN,46.07366381762545%, 8/19,RH,[21],"HFD over 250-500/500-750/750-1000/1000-1250, k=27"
HFD + KNN,42.56120721984143%, 9/19,RH,[22],"HFD over 250-500/500-750/750-1000/1000-1250, k=27"
HFD + KNN,44.78840075959227%, 7/19,RH,[23],"HFD over 250-500/500-750/750-1000/1000-1250, k=27"
HFD + KNN,40.086979178813976%, 8/19,RH,[24],"HFD over 250-500/500-750/750-1000/1000-1250, k=27"
HFD + KNN,45.155274364077854%, 9/19,RH,[25],"HFD over 250-500/500-750/750-1000/1000-1250, k=27"
HFD + KNN,44.26881283222857%, 7/19,RH,[26],"HFD over 250-500/500-750/750-1000/1000-1250, k=27"
HFD + KNN,47.53421250088007%, 8/19,RH,[27],"HFD over 250-500/500-750/750-1000/1000-1250, k=27"
HFD + KNN,44.650801861361835%, 10/19,RH,[28],"HFD over 250-500/500-750/750-1000/1000-1250, k=27"
HFD + KNN,51.536966037756905%, 10/19,RH,[29],"HFD over 250-500/500-750/750-1000/1000-1250, k=27"
HFD + KNN,45.58844083584353%, 9/19,RH,[30],"HFD over 250-500/500-750/750-1000/1000-1250, k=27"
HFD + KNN,48.479050131324435%, 9/19,RH,[31],"HFD over 250-500/500-750/750-1000/1000-1250, k=27"
HFD + KNN,49.62796723888195%, 10/19,RH,[32],"HFD over 250-500/500-750/750-1000/1000-1250, k=27"
HFD + KNN,42.73575603731355%, 7/19,RH,[33],"HFD over 250-500/500-750/750-1000/1000-1250, k=27"
HFD + KNN,50.48377927933154%, 10/19,RH,[34],"HFD over 250-500/500-750/750-1000/1000-1250, k=27"
HFD + KNN,42.96471534564361%, 6/19,RH,[35],"HFD over 250-500/500-750/750-1000/1000-1250, k=27"
HFD + KNN,51.266419130701394%, 11/19,RH,[36],"HFD over 250-500/500-750/750-1000/1000-1250, k=27"
HFD + KNN,50.604362005653016%, 10/19,RH,[37],"HFD over 250-500/500-750/750-1000/1000-1250, k=27"
HFD + KNN,49.601768558370836%, 9/19,RH,[38],"HFD over 250-500/500-750/750-1000/1000-1250, k=27"
HFD + KNN,48.325535345499766%, 8/19,RH,[39],"HFD over 250-500/500-750/750-1000/1000-1250, k=27"
HFD + KNN,47.15516238890472%, 9/19,RH,[40],"HFD over 250-500/500-750/750-1000/1000-1250, k=27"
HFD + KNN,43.74103173118692%, 7/19,RH,[41],"HFD over 250-500/500-750/750-1000/1000-1250, k=27"
HFD + KNN,46.837337231270766%, 9/19,RH,[42],"HFD over 250-500/500-750/750-1000/1000-1250, k=27"
HFD + KNN,50.85622493695012%, 10/19,RH,[43],"HFD over 250-500/500-750/750-1000/1000-1250, k=27"
HFD + KNN,48.50961343239831%, 9/19,RH,[44],"HFD over 250-500/500-750/750-1000/1000-1250, k=27"
HFD + KNN,45.419300559364736%, 10/19,RH,[45],"HFD over 250-500/500-750/750-1000/1000-1250, k=27"
HFD + KNN,50.222263260169534%, 13/19,RH,[46],"HFD over 250-500/500-750/750-1000/1000-1250, k=27"
HFD + KNN,45.91012292510877%, 9/19,RH,[47],"HFD over 250-500/500-750/750-1000/1000-1250, k=27"
HFD + KNN,51.41064825327838%, 10/19,RH,[48],"HFD over 250-500/500-750/750-1000/1000-1250, k=27"
HFD + KNN,48.50401262616844%, 10/19,RH,[49],"HFD over 250-500/500-750/750-1000/1000-1250, k=27"
HFD + KNN,45.818213503581426%, 10/19,RH,[50],"HFD over 250-500/500-750/750-1000/1000-1250, k=27"
HFD + KNN,45.10266812522155%, 9/19,RH,[51],"HFD over 250-500/500-750/750-1000/1000-1250, k=27"
HFD + KNN,48.59352823173958%, 9/19,RH,[52],"HFD over 250-500/500-750/750-1000/1000-1250, k=27"
HFD + KNN,49.27610104423428%, 9/19,RH,[53],"HFD over 250-500/500-750/750-1000/1000-1250, k=27"
HFD + KNN,50.31759455885655%, 9/19,RH,[54],"HFD over 250-500/500-750/750-1000/1000-1250, k=27"
HFD + KNN,44.90817275838128%, 8/19,RH,[55],"HFD over 250-500/500-750/750-1000/1000-1250, k=27"
HFD + KNN,49.25550532331918%, 10/19,RH,[56],"HFD over 250-500/500-750/750-1000/1000-1250, k=27"
HFD + KNN,46.73577746291435%, 9/19,RH,[57],"HFD over 250-500/500-750/750-1000/1000-1250, k=27"
HFD + KNN,47.39460948461542%, 9/19,RH,[58],"HFD over 250-500/500-750/750-1000/1000-1250, k=27"
HFD + KNN,49.8937619337162%, 9/19,RH,[59],"HFD over 250-500/500-750/750-1000/1000-1250, k=27"
HFD + KNN,44.187435760833914%, 9/19,RH,[60],"HFD over 250-500/500-750/750-1000/1000-1250, k=27"
HFD + KNN,42.43824332591269%, 8/19,RH,"[29, 0]","HFD over 250-500/500-750/750-1000/1000-1250, k=27"
HFD + KNN,42.5796932773717%, 7/19,RH,"[29, 1]","HFD over 250-500/500-750/750-1000/1000-1250, k=27"
HFD + KNN,50.12847854588727%, 8/19,RH,"[29, 2]","HFD over 250-500/500-750/750-1000/1000-1250, k=27"
HFD + KNN,44.93417561329645%, 6/19,RH,"[29, 3]","HFD over 250-500/500-750/750-1000/1000-1250, k=27"
HFD + KNN,47.61449311795642%, 8/19,RH,"[29, 4]","HFD over 250-500/500-750/750-1000/1000-1250, k=27"
HFD + KNN,41.22643511466972%, 7/19,RH,"[29, 5]","HFD over 250-500/500-750/750-1000/1000-1250, k=27"
HFD + KNN,42.17620519617217%, 8/19,RH,"[29, 6]","HFD over 250-500/500-750/750-1000/1000-1250, k=27"
HFD + KNN,48.09905483079302%, 9/19,RH,"[29, 7]","HFD over 250-500/500-750/750-1000/1000-1250, k=27"
HFD + KNN,40.61858317964403%, 3/19,RH,"[29, 8]","HFD over 250-500/500-750/750-1000/1000-1250, k=27"
HFD + KNN,44.31385902263948%, 7/19,RH,"[29, 9]","HFD over 250-500/500-750/750-1000/1000-1250, k=27"
HFD + KNN,41.40700748770964%, 7/19,RH,"[29, 10]","HFD over 250-500/500-750/750-1000/1000-1250, k=27"
HFD + KNN,46.6845024993242%, 8/19,RH,"[29, 11]","HFD over 250-500/500-750/750-1000/1000-1250, k=27"
HFD + KNN,39.73546151559604%, 6/19,RH,"[29, 12]","HFD over 250-500/500-750/750-1000/1000-1250, k=27"
HFD + KNN,49.949113466696886%, 9/19,RH,"[29, 13]","HFD over 250-500/500-750/750-1000/1000-1250, k=27"
HFD + KNN,47.18289885157533%, 7/19,RH,"[29, 14]","HFD over 250-500/500-750/750-1000/1000-1250, k=27"
HFD + KNN,41.376256204743335%, 7/19,RH,"[29, 15]","HFD over 250-500/500-750/750-1000/1000-1250, k=27"
HFD + KNN,45.97041905037784%, 6/19,RH,"[29, 16]","HFD over 250-500/500-750/750-1000/1000-1250, k=27"
HFD + KNN,39.00230652006634%, 6/19,RH,"[29, 17]","HFD over 250-500/500-750/750-1000/1000-1250, k=27"
HFD + KNN,42.7476952608277%, 7/19,RH,"[29, 18]","HFD over 250-500/500-750/750-1000/1000-1250, k=27"
HFD + KNN,43.159276616603655%, 8/19,RH,"[29, 19]","HFD over 250-500/500-750/750-1000/1000-1250, k=27"
HFD + KNN,43.14827946182129%, 6/19,RH,"[29, 20]","HFD over 250-500/500-750/750-1000/1000-1250, k=27"
HFD + KNN,46.07366381762545%, 8/19,RH,"[29, 21]","HFD over 250-500/500-750/750-1000/1000-1250, k=27"
HFD + KNN,42.56120721984143%, 9/19,RH,"[29, 22]","HFD over 250-500/500-750/750-1000/1000-1250, k=27"
HFD + KNN,44.78840075959227%, 7/19,RH,"[29, 23]","HFD over 250-500/500-750/750-1000/1000-1250, k=27"
HFD + KNN,40.086979178813976%, 8/19,RH,"[29, 24]","HFD over 250-500/500-750/750-1000/1000-1250, k=27"
HFD + KNN,45.155274364077854%, 9/19,RH,"[29, 25]","HFD over 250-500/500-750/750-1000/1000-1250, k=27"
HFD + KNN,44.26881283222857%, 7/19,RH,"[29, 26]","HFD over 250-500/500-750/750-1000/1000-1250, k=27"
HFD + KNN,47.53421250088007%, 8/19,RH,"[29, 27]","HFD over 250-500/500-750/750-1000/1000-1250, k=27"
HFD + KNN,44.650801861361835%, 10/19,RH,"[29, 28]","HFD over 250-500/500-750/750-1000/1000-1250, k=27"
HFD + KNN,51.536966037756905%, 10/19,RH,"[29, 29]","HFD over 250-500/500-750/750-1000/1000-1250, k=27"
HFD + KNN,45.58844083584353%, 9/19,RH,"[29, 30]","HFD over 250-500/500-750/750-1000/1000-1250, k=27"
HFD + KNN,48.479050131324435%, 9/19,RH,"[29, 31]","HFD over 250-500/500-750/750-1000/1000-1250, k=27"
HFD + KNN,49.62796723888195%, 10/19,RH,"[29, 32]","HFD over 250-500/500-750/750-1000/1000-1250, k=27"
HFD + KNN,42.73575603731355%, 7/19,RH,"[29, 33]","HFD over 250-500/500-750/750-1000/1000-1250, k=27"
HFD + KNN,50.48377927933154%, 10/19,RH,"[29, 34]","HFD over 250-500/500-750/750-1000/1000-1250, k=27"
HFD + KNN,42.96471534564361%, 6/19,RH,"[29, 35]","HFD over 250-500/500-750/750-1000/1000-1250, k=27"
HFD + KNN,51.266419130701394%, 11/19,RH,"[29, 36]","HFD over 250-500/500-750/750-1000/1000-1250, k=27"
HFD + KNN,50.604362005653016%, 10/19,RH,"[29, 37]","HFD over 250-500/500-750/750-1000/1000-1250, k=27"
HFD + KNN,49.601768558370836%, 9/19,RH,"[29, 38]","HFD over 250-500/500-750/750-1000/1000-1250, k=27"
HFD + KNN,48.325535345499766%, 8/19,RH,"[29, 39]","HFD over 250-500/500-750/750-1000/1000-1250, k=27"
HFD + KNN,47.15516238890472%, 9/19,RH,"[29, 40]","HFD over 250-500/500-750/750-1000/1000-1250, k=27"
HFD + KNN,43.74103173118692%, 7/19,RH,"[29, 41]","HFD over 250-500/500-750/750-1000/1000-1250, k=27"
HFD + KNN,46.837337231270766%, 9/19,RH,"[29, 42]","HFD over 250-500/500-750/750-1000/1000-1250, k=27"
HFD + KNN,50.85622493695012%, 10/19,RH,"[29, 43]","HFD over 250-500/500-750/750-1000/1000-1250, k=27"
HFD + KNN,48.50961343239831%, 9/19,RH,"[29, 44]","HFD over 250-500/500-750/750-1000/1000-1250, k=27"
HFD + KNN,45.419300559364736%, 10/19,RH,"[29, 45]","HFD over 250-500/500-750/750-1000/1000-1250, k=27"
HFD + KNN,50.222263260169534%, 13/19,RH,"[29, 46]","HFD over 250-500/500-750/750-1000/1000-1250, k=27"
HFD + KNN,45.91012292510877%, 9/19,RH,"[29, 47]","HFD over 250-500/500-750/750-1000/1000-1250, k=27"
HFD + KNN,51.41064825327838%, 10/19,RH,"[29, 48]","HFD over 250-500/500-750/750-1000/1000-1250, k=27"
HFD + KNN,48.50401262616844%, 10/19,RH,"[29, 49]","HFD over 250-500/500-750/750-1000/1000-1250, k=27"
HFD + KNN,45.818213503581426%, 10/19,RH,"[29, 50]","HFD over 250-500/500-750/750-1000/1000-1250, k=27"
HFD + KNN,45.10266812522155%, 9/19,RH,"[29, 51]","HFD over 250-500/500-750/750-1000/1000-1250, k=27"
HFD + KNN,48.59352823173958%, 9/19,RH,"[29, 52]","HFD over 250-500/500-750/750-1000/1000-1250, k=27"
HFD + KNN,49.27610104423428%, 9/19,RH,"[29, 53]","HFD over 250-500/500-750/750-1000/1000-1250, k=27"
HFD + KNN,50.31759455885655%, 9/19,RH,"[29, 54]","HFD over 250-500/500-750/750-1000/1000-1250, k=27"
HFD + KNN,44.90817275838128%, 8/19,RH,"[29, 55]","HFD over 250-500/500-750/750-1000/1000-1250, k=27"
HFD + KNN,49.25550532331918%, 10/19,RH,"[29, 56]","HFD over 250-500/500-750/750-1000/1000-1250, k=27"
HFD + KNN,46.73577746291435%, 9/19,RH,"[29, 57]","HFD over 250-500/500-750/750-1000/1000-1250, k=27"
HFD + KNN,47.39460948461542%, 9/19,RH,"[29, 58]","HFD over 250-500/500-750/750-1000/1000-1250, k=27"
HFD + KNN,49.8937619337162%, 9/19,RH,"[29, 59]","HFD over 250-500/500-750/750-1000/1000-1250, k=27"
HFD + KNN,44.187435760833914%, 9/19,RH,"[29, 60]","HFD over 250-500/500-750/750-1000/1000-1250, k=27"
HFD + KNN,49.77761259501962%, 11/19,RH,[29],"HFD over 250-500/500-750/750-1000/1000-1250, k=1"
HFD + KNN,48.02691137162024%, 9/19,RH,[29],"HFD over 250-500/500-750/750-1000/1000-1250, k=6"
HFD + KNN,48.49194930331233%, 9/19,RH,[29],"HFD over 250-500/500-750/750-1000/1000-1250, k=11"
HFD + KNN,46.755170117690554%, 9/19,RH,[29],"HFD over 250-500/500-750/750-1000/1000-1250, k=16"
HFD + KNN,51.536966037756905%, 10/19,RH,[29],"HFD over 250-500/500-750/750-1000/1000-1250, k=21"
HFD + KNN,49.823473135075126%, 9/19,RH,[29],"HFD over 250-500/500-750/750-1000/1000-1250, k=26"
HFD + KNN,51.00518566184004%, 10/19,RH,[29],"HFD over 250-500/500-750/750-1000/1000-1250, k=31"
HFD + KNN,51.24543075755032%, 10/19,RH,[29],"HFD over 250-500/500-750/750-1000/1000-1250, k=36"
HFD + KNN,52.18296718573799%, 10/19,RH,[29],"HFD over 250-500/500-750/750-1000/1000-1250, k=41"
HFD + KNN,51.59458173683375%, 11/19,RH,[29],"HFD over 250-500/500-750/750-1000/1000-1250, k=46"
HFD + KNN,52.90016774971073%, 12/19,RH,[29],"HFD over 250-500/500-750/750-1000/1000-1250, k=51"
HFD + KNN,51.83957685502746%, 11/19,RH,[29],"HFD over 250-500/500-750/750-1000/1000-1250, k=56"
HFD + KNN,51.86970174056219%, 12/19,RH,[29],"HFD over 250-500/500-750/750-1000/1000-1250, k=61"
HFD + KNN,51.88088051031556%, 12/19,RH,[29],"HFD over 250-500/500-750/750-1000/1000-1250, k=66"
HFD + KNN,52.05840791642961%, 12/19,RH,[29],"HFD over 250-500/500-750/750-1000/1000-1250, k=71"
HFD + KNN,52.55578055268565%, 12/19,RH,[29],"HFD over 250-500/500-750/750-1000/1000-1250, k=76"
HFD + KNN,51.99610885067347%, 12/19,RH,[29],"HFD over 250-500/500-750/750-1000/1000-1250, k=81"
HFD + KNN,52.71826613268522%, 11/19,RH,[29],"HFD over 250-500/500-750/750-1000/1000-1250, k=86"
HFD + KNN,52.84234740024291%, 11/19,RH,[29],"HFD over 250-500/500-750/750-1000/1000-1250, k=91"
HFD + KNN,52.89861197833944%, 11/19,RH,[29],"HFD over 250-500/500-750/750-1000/1000-1250, k=96"
HFD + KNN,42.43824332591269%, 8/19,RH,"[29, 0]","HFD over 250-500/500-750/750-1000/1000-1250, k=51"
HFD + KNN,42.5796932773717%, 7/19,RH,"[29, 1]","HFD over 250-500/500-750/750-1000/1000-1250, k=51"
HFD + KNN,50.12847854588727%, 8/19,RH,"[29, 2]","HFD over 250-500/500-750/750-1000/1000-1250, k=51"
HFD + KNN,44.93417561329645%, 6/19,RH,"[29, 3]","HFD over 250-500/500-750/750-1000/1000-1250, k=51"
HFD + KNN,47.61449311795642%, 8/19,RH,"[29, 4]","HFD over 250-500/500-750/750-1000/1000-1250, k=51"
HFD + KNN,41.22643511466972%, 7/19,RH,"[29, 5]","HFD over 250-500/500-750/750-1000/1000-1250, k=51"
HFD + KNN,42.17620519617217%, 8/19,RH,"[29, 6]","HFD over 250-500/500-750/750-1000/1000-1250, k=51"
HFD + KNN,48.09905483079302%, 9/19,RH,"[29, 7]","HFD over 250-500/500-750/750-1000/1000-1250, k=51"
HFD + KNN,40.61858317964403%, 3/19,RH,"[29, 8]","HFD over 250-500/500-750/750-1000/1000-1250, k=51"
HFD + KNN,44.31385902263948%, 7/19,RH,"[29, 9]","HFD over 250-500/500-750/750-1000/1000-1250, k=51"
HFD + KNN,41.40700748770964%, 7/19,RH,"[29, 10]","HFD over 250-500/500-750/750-1000/1000-1250, k=51"
HFD + KNN,46.6845024993242%, 8/19,RH,"[29, 11]","HFD over 250-500/500-750/750-1000/1000-1250, k=51"
HFD + KNN,39.73546151559604%, 6/19,RH,"[29, 12]","HFD over 250-500/500-750/750-1000/1000-1250, k=51"
HFD + KNN,49.949113466696886%, 9/19,RH,"[29, 13]","HFD over 250-500/500-750/750-1000/1000-1250, k=51"
HFD + KNN,47.18289885157533%, 7/19,RH,"[29, 14]","HFD over 250-500/500-750/750-1000/1000-1250, k=51"
HFD + KNN,41.376256204743335%, 7/19,RH,"[29, 15]","HFD over 250-500/500-750/750-1000/1000-1250, k=51"
HFD + KNN,45.97041905037784%, 6/19,RH,"[29, 16]","HFD over 250-500/500-750/750-1000/1000-1250, k=51"
HFD + KNN,39.00230652006634%, 6/19,RH,"[29, 17]","HFD over 250-500/500-750/750-1000/1000-1250, k=51"
HFD + KNN,42.7476952608277%, 7/19,RH,"[29, 18]","HFD over 250-500/500-750/750-1000/1000-1250, k=51"
HFD + KNN,43.159276616603655%, 8/19,RH,"[29, 19]","HFD over 250-500/500-750/750-1000/1000-1250, k=51"
HFD + KNN,43.14827946182129%, 6/19,RH,"[29, 20]","HFD over 250-500/500-750/750-1000/1000-1250, k=51"
HFD + KNN,46.07366381762545%, 8/19,RH,"[29, 21]","HFD over 250-500/500-750/750-1000/1000-1250, k=51"
HFD + KNN,42.56120721984143%, 9/19,RH,"[29, 22]","HFD over 250-500/500-750/750-1000/1000-1250, k=51"
HFD + KNN,44.78840075959227%, 7/19,RH,"[29, 23]","HFD over 250-500/500-750/750-1000/1000-1250, k=51"
HFD + KNN,40.086979178813976%, 8/19,RH,"[29, 24]","HFD over 250-500/500-750/750-1000/1000-1250, k=51"
HFD + KNN,45.155274364077854%, 9/19,RH,"[29, 25]","HFD over 250-500/500-750/750-1000/1000-1250, k=51"
HFD + KNN,44.26881283222857%, 7/19,RH,"[29, 26]","HFD over 250-500/500-750/750-1000/1000-1250, k=51"
HFD + KNN,47.53421250088007%, 8/19,RH,"[29, 27]","HFD over 250-500/500-750/750-1000/1000-1250, k=51"
HFD + KNN,44.650801861361835%, 10/19,RH,"[29, 28]","HFD over 250-500/500-750/750-1000/1000-1250, k=51"
HFD + KNN,51.536966037756905%, 10/19,RH,"[29, 29]","HFD over 250-500/500-750/750-1000/1000-1250, k=51"
HFD + KNN,45.58844083584353%, 9/19,RH,"[29, 30]","HFD over 250-500/500-750/750-1000/1000-1250, k=51"
HFD + KNN,48.479050131324435%, 9/19,RH,"[29, 31]","HFD over 250-500/500-750/750-1000/1000-1250, k=51"
HFD + KNN,49.62796723888195%, 10/19,RH,"[29, 32]","HFD over 250-500/500-750/750-1000/1000-1250, k=51"
HFD + KNN,42.73575603731355%, 7/19,RH,"[29, 33]","HFD over 250-500/500-750/750-1000/1000-1250, k=51"
HFD + KNN,50.48377927933154%, 10/19,RH,"[29, 34]","HFD over 250-500/500-750/750-1000/1000-1250, k=51"
HFD + KNN,42.96471534564361%, 6/19,RH,"[29, 35]","HFD over 250-500/500-750/750-1000/1000-1250, k=51"
HFD + KNN,51.266419130701394%, 11/19,RH,"[29, 36]","HFD over 250-500/500-750/750-1000/1000-1250, k=51"
HFD + KNN,50.604362005653016%, 10/19,RH,"[29, 37]","HFD over 250-500/500-750/750-1000/1000-1250, k=51"
HFD + KNN,49.601768558370836%, 9/19,RH,"[29, 38]","HFD over 250-500/500-750/750-1000/1000-1250, k=51"
HFD + KNN,48.325535345499766%, 8/19,RH,"[29, 39]","HFD over 250-500/500-750/750-1000/1000-1250, k=51"
HFD + KNN,47.15516238890472%, 9/19,RH,"[29, 40]","HFD over 250-500/500-750/750-1000/1000-1250, k=51"
HFD + KNN,43.74103173118692%, 7/19,RH,"[29, 41]","HFD over 250-500/500-750/750-1000/1000-1250, k=51"
HFD + KNN,46.837337231270766%, 9/19,RH,"[29, 42]","HFD over 250-500/500-750/750-1000/1000-1250, k=51"
HFD + KNN,50.85622493695012%, 10/19,RH,"[29, 43]","HFD over 250-500/500-750/750-1000/1000-1250, k=51"
HFD + KNN,48.50961343239831%, 9/19,RH,"[29, 44]","HFD over 250-500/500-750/750-1000/1000-1250, k=51"
HFD + KNN,45.419300559364736%, 10/19,RH,"[29, 45]","HFD over 250-500/500-750/750-1000/1000-1250, k=51"
HFD + KNN,50.222263260169534%, 13/19,RH,"[29, 46]","HFD over 250-500/500-750/750-1000/1000-1250, k=51"
HFD + KNN,45.91012292510877%, 9/19,RH,"[29, 47]","HFD over 250-500/500-750/750-1000/1000-1250, k=51"
HFD + KNN,51.41064825327838%, 10/19,RH,"[29, 48]","HFD over 250-500/500-750/750-1000/1000-1250, k=51"
HFD + KNN,48.50401262616844%, 10/19,RH,"[29, 49]","HFD over 250-500/500-750/750-1000/1000-1250, k=51"
HFD + KNN,45.818213503581426%, 10/19,RH,"[29, 50]","HFD over 250-500/500-750/750-1000/1000-1250, k=51"
HFD + KNN,45.10266812522155%, 9/19,RH,"[29, 51]","HFD over 250-500/500-750/750-1000/1000-1250, k=51"
HFD + KNN,48.59352823173958%, 9/19,RH,"[29, 52]","HFD over 250-500/500-750/750-1000/1000-1250, k=51"
HFD + KNN,49.27610104423428%, 9/19,RH,"[29, 53]","HFD over 250-500/500-750/750-1000/1000-1250, k=51"
HFD + KNN,50.31759455885655%, 9/19,RH,"[29, 54]","HFD over 250-500/500-750/750-1000/1000-1250, k=51"
HFD + KNN,44.90817275838128%, 8/19,RH,"[29, 55]","HFD over 250-500/500-750/750-1000/1000-1250, k=51"
HFD + KNN,49.25550532331918%, 10/19,RH,"[29, 56]","HFD over 250-500/500-750/750-1000/1000-1250, k=51"
HFD + KNN,46.73577746291435%, 9/19,RH,"[29, 57]","HFD over 250-500/500-750/750-1000/1000-1250, k=51"
HFD + KNN,47.39460948461542%, 9/19,RH,"[29, 58]","HFD over 250-500/500-750/750-1000/1000-1250, k=51"
HFD + KNN,49.8937619337162%, 9/19,RH,"[29, 59]","HFD over 250-500/500-750/750-1000/1000-1250, k=51"
HFD + KNN,44.187435760833914%, 9/19,RH,"[29, 60]","HFD over 250-500/500-750/750-1000/1000-1250, k=51"
HFD + KNN,30.685209067958947%, 1/19,RH,[0],"HFD over 250-500, num_k=7 k=51"
HFD + KNN,39.656135085204895%, 4/19,RH,[1],"HFD over 250-500, num_k=7 k=51"
HFD + KNN,33.30799952384405%, 2/19,RH,[2],"HFD over 250-500, num_k=7 k=51"
HFD + KNN,39.404701143184795%, 5/19,RH,[3],"HFD over 250-500, num_k=7 k=51"
HFD + KNN,37.85467660747943%, 3/19,RH,[4],"HFD over 250-500, num_k=7 k=51"
HFD + KNN,42.82313474834384%, 6/19,RH,[5],"HFD over 250-500, num_k=7 k=51"
HFD + KNN,40.65078937471438%, 5/19,RH,[6],"HFD over 250-500, num_k=7 k=51"
HFD + KNN,34.05776329948212%, 3/19,RH,[7],"HFD over 250-500, num_k=7 k=51"
HFD + KNN,46.35370184481314%, 9/19,RH,[8],"HFD over 250-500, num_k=7 k=51"
HFD + KNN,37.494263292044494%, 4/19,RH,[9],"HFD over 250-500, num_k=7 k=51"
HFD + KNN,28.918083196008403%, 1/19,RH,[10],"HFD over 250-500, num_k=7 k=51"
HFD + KNN,33.255250590525435%, 3/19,RH,[11],"HFD over 250-500, num_k=7 k=51"
HFD + KNN,32.79589699483196%, 3/19,RH,[12],"HFD over 250-500, num_k=7 k=51"
HFD + KNN,38.01648641418407%, 5/19,RH,[13],"HFD over 250-500, num_k=7 k=51"
HFD + KNN,36.79137626804211%, 4/19,RH,[14],"HFD over 250-500, num_k=7 k=51"
HFD + KNN,39.460298607276414%, 5/19,RH,[15],"HFD over 250-500, num_k=7 k=51"
HFD + KNN,41.18843689645851%, 8/19,RH,[16],"HFD over 250-500, num_k=7 k=51"
HFD + KNN,43.74546476773034%, 6/19,RH,[17],"HFD over 250-500, num_k=7 k=51"
HFD + KNN,30.178098583183566%, 1/19,RH,[18],"HFD over 250-500, num_k=7 k=51"
HFD + KNN,37.75207390293877%, 9/19,RH,[19],"HFD over 250-500, num_k=7 k=51"
HFD + KNN,36.97756628432442%, 4/19,RH,[20],"HFD over 250-500, num_k=7 k=51"
HFD + KNN,40.535730576430865%, 7/19,RH,[21],"HFD over 250-500, num_k=7 k=51"
HFD + KNN,38.22103674089461%, 4/19,RH,[22],"HFD over 250-500, num_k=7 k=51"
HFD + KNN,41.438987144440596%, 6/19,RH,[23],"HFD over 250-500, num_k=7 k=51"
HFD + KNN,37.336411133167296%, 3/19,RH,[24],"HFD over 250-500, num_k=7 k=51"
HFD + KNN,36.734508373145054%, 3/19,RH,[25],"HFD over 250-500, num_k=7 k=51"
HFD + KNN,34.55797028336326%, 2/19,RH,[26],"HFD over 250-500, num_k=7 k=51"
HFD + KNN,33.03355127137838%, 4/19,RH,[27],"HFD over 250-500, num_k=7 k=51"
HFD + KNN,37.22446677413161%, 4/19,RH,[28],"HFD over 250-500, num_k=7 k=51"
HFD + KNN,38.77388143318284%, 5/19,RH,[29],"HFD over 250-500, num_k=7 k=51"
HFD + KNN,38.56528669141316%, 6/19,RH,[30],"HFD over 250-500, num_k=7 k=51"
HFD + KNN,40.14628777427692%, 7/19,RH,[31],"HFD over 250-500, num_k=7 k=51"
HFD + KNN,36.650958766479064%, 3/19,RH,[32],"HFD over 250-500, num_k=7 k=51"
HFD + KNN,40.184890071577904%, 9/19,RH,[33],"HFD over 250-500, num_k=7 k=51"
HFD + KNN,33.51022445229472%, 4/19,RH,[34],"HFD over 250-500, num_k=7 k=51"
HFD + KNN,38.94689825978305%, 5/19,RH,[35],"HFD over 250-500, num_k=7 k=51"
HFD + KNN,30.128675516460294%, 1/19,RH,[36],"HFD over 250-500, num_k=7 k=51"
HFD + KNN,38.57631062638389%, 6/19,RH,[37],"HFD over 250-500, num_k=7 k=51"
HFD + KNN,36.05866082364601%, 5/19,RH,[38],"HFD over 250-500, num_k=7 k=51"
HFD + KNN,33.46639333694378%, 5/19,RH,[39],"HFD over 250-500, num_k=7 k=51"
HFD + KNN,35.97470223613279%, 4/19,RH,[40],"HFD over 250-500, num_k=7 k=51"
HFD + KNN,35.16966344651357%, 5/19,RH,[41],"HFD over 250-500, num_k=7 k=51"
HFD + KNN,40.63772148965006%, 6/19,RH,[42],"HFD over 250-500, num_k=7 k=51"
HFD + KNN,37.30754255974135%, 4/19,RH,[43],"HFD over 250-500, num_k=7 k=51"
HFD + KNN,42.03435035355898%, 8/19,RH,[44],"HFD over 250-500, num_k=7 k=51"
HFD + KNN,35.9668790857635%, 7/19,RH,[45],"HFD over 250-500, num_k=7 k=51"
HFD + KNN,34.06323938995405%, 5/19,RH,[46],"HFD over 250-500, num_k=7 k=51"
HFD + KNN,37.85052551521025%, 5/19,RH,[47],"HFD over 250-500, num_k=7 k=51"
HFD + KNN,36.30799561847646%, 6/19,RH,[48],"HFD over 250-500, num_k=7 k=51"
HFD + KNN,36.28168386546648%, 8/19,RH,[49],"HFD over 250-500, num_k=7 k=51"
HFD + KNN,40.44688734269272%, 7/19,RH,[50],"HFD over 250-500, num_k=7 k=51"
HFD + KNN,36.17153412055536%, 5/19,RH,[51],"HFD over 250-500, num_k=7 k=51"
HFD + KNN,37.879864940376876%, 3/19,RH,[52],"HFD over 250-500, num_k=7 k=51"
HFD + KNN,33.02722790414773%, 1/19,RH,[53],"HFD over 250-500, num_k=7 k=51"
HFD + KNN,34.46327597529959%, 4/19,RH,[54],"HFD over 250-500, num_k=7 k=51"
HFD + KNN,36.63971834918948%, 5/19,RH,[55],"HFD over 250-500, num_k=7 k=51"
HFD + KNN,46.151448711415846%, 9/19,RH,[56],"HFD over 250-500, num_k=7 k=51"
HFD + KNN,36.85662235846996%, 3/19,RH,[57],"HFD over 250-500, num_k=7 k=51"
HFD + KNN,33.127953220319576%, 3/19,RH,[58],"HFD over 250-500, num_k=7 k=51"
HFD + KNN,37.313867418501275%, 3/19,RH,[59],"HFD over 250-500, num_k=7 k=51"
HFD + KNN,41.90574970939505%, 7/19,RH,[60],"HFD over 250-500, num_k=7 k=51"
HFD + KNN,46.10632407741108%, 5/19,RH,[8],"HFD over 250-500, num_k=7, k=1"
HFD + KNN,46.36364666442173%, 9/19,RH,[8],"HFD over 250-500, num_k=7, k=6"
HFD + KNN,47.70261175914518%, 9/19,RH,[8],"HFD over 250-500, num_k=7, k=11"
HFD + KNN,46.86035266619985%, 8/19,RH,[8],"HFD over 250-500, num_k=7, k=16"
HFD + KNN,46.35370184481314%, 9/19,RH,[8],"HFD over 250-500, num_k=7, k=21"
HFD + KNN,44.19586159182942%, 7/19,RH,[8],"HFD over 250-500, num_k=7, k=26"
HFD + KNN,45.88638188001614%, 8/19,RH,[8],"HFD over 250-500, num_k=7, k=31"
HFD + KNN,43.80863048362605%, 8/19,RH,[8],"HFD over 250-500, num_k=7, k=36"
HFD + KNN,42.543359177097855%, 7/19,RH,[8],"HFD over 250-500, num_k=7, k=41"
HFD + KNN,44.95895505710551%, 8/19,RH,[8],"HFD over 250-500, num_k=7, k=46"
HFD + KNN,42.95122444051784%, 6/19,RH,[8],"HFD over 250-500, num_k=7, k=51"
HFD + KNN,43.8858576706928%, 7/19,RH,[8],"HFD over 250-500, num_k=7, k=56"
HFD + KNN,44.10636520368122%, 7/19,RH,[8],"HFD over 250-500, num_k=7, k=61"
HFD + KNN,44.97588433833498%, 7/19,RH,[8],"HFD over 250-500, num_k=7, k=66"
HFD + KNN,45.334721756048715%, 7/19,RH,[8],"HFD over 250-500, num_k=7, k=71"
HFD + KNN,44.58587119986242%, 7/19,RH,[8],"HFD over 250-500, num_k=7, k=76"
HFD + KNN,43.317223914128974%, 7/19,RH,[8],"HFD over 250-500, num_k=7, k=81"
HFD + KNN,43.67774541340763%, 7/19,RH,[8],"HFD over 250-500, num_k=7, k=86"
HFD + KNN,42.76701070190172%, 7/19,RH,[8],"HFD over 250-500, num_k=7, k=91"
HFD + KNN,42.049520930262865%, 7/19,RH,[8],"HFD over 250-500, num_k=7, k=96"
HFD + KNN,43.79759466087217%, 7/19,RH,[0],"HFD over 375-500, k=21"
HFD + KNN,38.163166432896205%, 4/19,RH,[1],"HFD over 375-500, k=21"
HFD + KNN,34.966658631046904%, 3/19,RH,[2],"HFD over 375-500, k=21"
HFD + KNN,34.21076444959837%, 4/19,RH,[3],"HFD over 375-500, k=21"
HFD + KNN,38.4052505225051%, 3/19,RH,[4],"HFD over 375-500, k=21"
HFD + KNN,40.88731727471057%, 6/19,RH,[5],"HFD over 375-500, k=21"
HFD + KNN,40.556630180912315%, 4/19,RH,[6],"HFD over 375-500, k=21"
HFD + KNN,41.2286666265261%, 6/19,RH,[7],"HFD over 375-500, k=21"
HFD + KNN,35.99771715443787%, 1/19,RH,[8],"HFD over 375-500, k=21"
HFD + KNN,40.926703483058375%, 4/19,RH,[9],"HFD over 375-500, k=21"
HFD + KNN,38.653311260741916%, 3/19,RH,[10],"HFD over 375-500, k=21"
HFD + KNN,35.64245314074563%, 1/19,RH,[11],"HFD over 375-500, k=21"
HFD + KNN,36.331530939318476%, 3/19,RH,[12],"HFD over 375-500, k=21"
HFD + KNN,35.868900611428714%, 3/19,RH,[13],"HFD over 375-500, k=21"
HFD + KNN,37.38133646695097%, 2/19,RH,[14],"HFD over 375-500, k=21"
HFD + KNN,39.04884733554816%, 2/19,RH,[15],"HFD over 375-500, k=21"
HFD + KNN,42.07548520309311%, 4/19,RH,[16],"HFD over 375-500, k=21"
HFD + KNN,41.03836201819948%, 4/19,RH,[17],"HFD over 375-500, k=21"
HFD + KNN,35.31349546317061%, 3/19,RH,[18],"HFD over 375-500, k=21"
HFD + KNN,32.98958773577874%, 3/19,RH,[19],"HFD over 375-500, k=21"
HFD + KNN,34.08057438004497%, 1/19,RH,[20],"HFD over 375-500, k=21"
HFD + KNN,35.84535059021404%, 3/19,RH,[21],"HFD over 375-500, k=21"
HFD + KNN,41.901589990163664%, 5/19,RH,[22],"HFD over 375-500, k=21"
HFD + KNN,41.72523749429667%, 5/19,RH,[23],"HFD over 375-500, k=21"
HFD + KNN,37.7335704644765%, 5/19,RH,[24],"HFD over 375-500, k=21"
HFD + KNN,34.02302166610541%, 3/19,RH,[25],"HFD over 375-500, k=21"
HFD + KNN,35.279345461773474%, 1/19,RH,[26],"HFD over 375-500, k=21"
HFD + KNN,37.42682955585161%, 3/19,RH,[27],"HFD over 375-500, k=21"
HFD + KNN,41.03148193654188%, 6/19,RH,[28],"HFD over 375-500, k=21"
HFD + KNN,39.642780053733304%, 4/19,RH,[29],"HFD over 375-500, k=21"
HFD + KNN,40.43654021800825%, 6/19,RH,[30],"HFD over 375-500, k=21"
HFD + KNN,40.27183273548595%, 4/19,RH,[31],"HFD over 375-500, k=21"
HFD + KNN,39.17508266944822%, 4/19,RH,[32],"HFD over 375-500, k=21"
HFD + KNN,34.81237715084971%, 3/19,RH,[33],"HFD over 375-500, k=21"
HFD + KNN,40.576832540546114%, 3/19,RH,[34],"HFD over 375-500, k=21"
HFD + KNN,34.33450273119977%, 1/19,RH,[35],"HFD over 375-500, k=21"
HFD + KNN,39.47492965850155%, 6/19,RH,[36],"HFD over 375-500, k=21"
HFD + KNN,32.111863467200486%, 2/19,RH,[37],"HFD over 375-500, k=21"
HFD + KNN,37.72834281756642%, 3/19,RH,[38],"HFD over 375-500, k=21"
HFD + KNN,37.92640811846037%, 5/19,RH,[39],"HFD over 375-500, k=21"
HFD + KNN,33.36062482236453%, 1/19,RH,[40],"HFD over 375-500, k=21"
HFD + KNN,37.50342946327777%, 5/19,RH,[41],"HFD over 375-500, k=21"
HFD + KNN,35.370158932146296%, 1/19,RH,[42],"HFD over 375-500, k=21"
HFD + KNN,39.35395820191223%, 5/19,RH,[43],"HFD over 375-500, k=21"
HFD + KNN,38.899849437687465%, 5/19,RH,[44],"HFD over 375-500, k=21"
HFD + KNN,39.48550216666749%, 4/19,RH,[45],"HFD over 375-500, k=21"
HFD + KNN,38.46787611901207%, 5/19,RH,[46],"HFD over 375-500, k=21"
HFD + KNN,39.606737469488486%, 3/19,RH,[47],"HFD over 375-500, k=21"
HFD + KNN,35.5062833780608%, 1/19,RH,[48],"HFD over 375-500, k=21"
HFD + KNN,39.042683920836794%, 4/19,RH,[49],"HFD over 375-500, k=21"
HFD + KNN,36.76100171193403%, 4/19,RH,[50],"HFD over 375-500, k=21"
HFD + KNN,40.65346450183507%, 5/19,RH,[51],"HFD over 375-500, k=21"
HFD + KNN,39.21716931644457%, 5/19,RH,[52],"HFD over 375-500, k=21"
HFD + KNN,39.52370760860724%, 4/19,RH,[53],"HFD over 375-500, k=21"
HFD + KNN,38.990751500859446%, 6/19,RH,[54],"HFD over 375-500, k=21"
HFD + KNN,41.732550422120404%, 6/19,RH,[55],"HFD over 375-500, k=21"
HFD + KNN,36.105722031067%, 4/19,RH,[56],"HFD over 375-500, k=21"
HFD + KNN,38.63990556192133%, 3/19,RH,[57],"HFD over 375-500, k=21"
HFD + KNN,43.52673510515768%, 5/19,RH,[58],"HFD over 375-500, k=21"
HFD + KNN,39.21368368867005%, 6/19,RH,[59],"HFD over 375-500, k=21"
HFD + KNN,35.201497693968506%, 3/19,RH,[60],"HFD over 375-500, k=21"
HFD + KNN,43.79759466087217%, 7/19,RH,[0],"HFD over 375-500, k=11"
HFD + KNN,38.163166432896205%, 4/19,RH,[1],"HFD over 375-500, k=11"
HFD + KNN,34.966658631046904%, 3/19,RH,[2],"HFD over 375-500, k=11"
HFD + KNN,34.21076444959837%, 4/19,RH,[3],"HFD over 375-500, k=11"
HFD + KNN,38.4052505225051%, 3/19,RH,[4],"HFD over 375-500, k=11"
HFD + KNN,40.88731727471057%, 6/19,RH,[5],"HFD over 375-500, k=11"
HFD + KNN,40.556630180912315%, 4/19,RH,[6],"HFD over 375-500, k=11"
HFD + KNN,41.2286666265261%, 6/19,RH,[7],"HFD over 375-500, k=11"
HFD + KNN,35.99771715443787%, 1/19,RH,[8],"HFD over 375-500, k=11"
HFD + KNN,40.926703483058375%, 4/19,RH,[9],"HFD over 375-500, k=11"
HFD + KNN,38.653311260741916%, 3/19,RH,[10],"HFD over 375-500, k=11"
HFD + KNN,35.64245314074563%, 1/19,RH,[11],"HFD over 375-500, k=11"
HFD + KNN,36.331530939318476%, 3/19,RH,[12],"HFD over 375-500, k=11"
HFD + KNN,35.868900611428714%, 3/19,RH,[13],"HFD over 375-500, k=11"
HFD + KNN,37.38133646695097%, 2/19,RH,[14],"HFD over 375-500, k=11"
HFD + KNN,39.04884733554816%, 2/19,RH,[15],"HFD over 375-500, k=11"
HFD + KNN,42.07548520309311%, 4/19,RH,[16],"HFD over 375-500, k=11"
HFD + KNN,41.03836201819948%, 4/19,RH,[17],"HFD over 375-500, k=11"
HFD + KNN,35.31349546317061%, 3/19,RH,[18],"HFD over 375-500, k=11"
HFD + KNN,32.98958773577874%, 3/19,RH,[19],"HFD over 375-500, k=11"
HFD + KNN,34.08057438004497%, 1/19,RH,[20],"HFD over 375-500, k=11"
HFD + KNN,35.84535059021404%, 3/19,RH,[21],"HFD over 375-500, k=11"
HFD + KNN,41.901589990163664%, 5/19,RH,[22],"HFD over 375-500, k=11"
HFD + KNN,41.72523749429667%, 5/19,RH,[23],"HFD over 375-500, k=11"
HFD + KNN,37.7335704644765%, 5/19,RH,[24],"HFD over 375-500, k=11"
HFD + KNN,34.02302166610541%, 3/19,RH,[25],"HFD over 375-500, k=11"
HFD + KNN,35.279345461773474%, 1/19,RH,[26],"HFD over 375-500, k=11"
HFD + KNN,37.42682955585161%, 3/19,RH,[27],"HFD over 375-500, k=11"
HFD + KNN,41.03148193654188%, 6/19,RH,[28],"HFD over 375-500, k=11"
HFD + KNN,39.642780053733304%, 4/19,RH,[29],"HFD over 375-500, k=11"
HFD + KNN,40.43654021800825%, 6/19,RH,[30],"HFD over 375-500, k=11"
HFD + KNN,40.27183273548595%, 4/19,RH,[31],"HFD over 375-500, k=11"
HFD + KNN,39.17508266944822%, 4/19,RH,[32],"HFD over 375-500, k=11"
HFD + KNN,34.81237715084971%, 3/19,RH,[33],"HFD over 375-500, k=11"
HFD + KNN,40.576832540546114%, 3/19,RH,[34],"HFD over 375-500, k=11"
HFD + KNN,34.33450273119977%, 1/19,RH,[35],"HFD over 375-500, k=11"
HFD + KNN,39.47492965850155%, 6/19,RH,[36],"HFD over 375-500, k=11"
HFD + KNN,32.111863467200486%, 2/19,RH,[37],"HFD over 375-500, k=11"
HFD + KNN,37.72834281756642%, 3/19,RH,[38],"HFD over 375-500, k=11"
HFD + KNN,37.92640811846037%, 5/19,RH,[39],"HFD over 375-500, k=11"
HFD + KNN,33.36062482236453%, 1/19,RH,[40],"HFD over 375-500, k=11"
HFD + KNN,37.50342946327777%, 5/19,RH,[41],"HFD over 375-500, k=11"
HFD + KNN,35.370158932146296%, 1/19,RH,[42],"HFD over 375-500, k=11"
HFD + KNN,39.35395820191223%, 5/19,RH,[43],"HFD over 375-500, k=11"
HFD + KNN,38.899849437687465%, 5/19,RH,[44],"HFD over 375-500, k=11"
HFD + KNN,39.48550216666749%, 4/19,RH,[45],"HFD over 375-500, k=11"
HFD + KNN,38.46787611901207%, 5/19,RH,[46],"HFD over 375-500, k=11"
HFD + KNN,39.606737469488486%, 3/19,RH,[47],"HFD over 375-500, k=11"
HFD + KNN,35.5062833780608%, 1/19,RH,[48],"HFD over 375-500, k=11"
HFD + KNN,39.042683920836794%, 4/19,RH,[49],"HFD over 375-500, k=11"
HFD + KNN,36.76100171193403%, 4/19,RH,[50],"HFD over 375-500, k=11"
HFD + KNN,40.65346450183507%, 5/19,RH,[51],"HFD over 375-500, k=11"
HFD + KNN,39.21716931644457%, 5/19,RH,[52],"HFD over 375-500, k=11"
HFD + KNN,39.52370760860724%, 4/19,RH,[53],"HFD over 375-500, k=11"
HFD + KNN,38.990751500859446%, 6/19,RH,[54],"HFD over 375-500, k=11"
HFD + KNN,41.732550422120404%, 6/19,RH,[55],"HFD over 375-500, k=11"
HFD + KNN,36.105722031067%, 4/19,RH,[56],"HFD over 375-500, k=11"
HFD + KNN,38.63990556192133%, 3/19,RH,[57],"HFD over 375-500, k=11"
HFD + KNN,43.52673510515768%, 5/19,RH,[58],"HFD over 375-500, k=11"
HFD + KNN,39.21368368867005%, 6/19,RH,[59],"HFD over 375-500, k=11"
HFD + KNN,35.201497693968506%, 3/19,RH,[60],"HFD over 375-500, k=11"
HFD + KNN,43.79759466087217%, 7/19,RH,"[0, 0]","HFD over 375-500, k=11"
HFD + KNN,38.163166432896205%, 4/19,RH,"[0, 1]","HFD over 375-500, k=11"
HFD + KNN,34.966658631046904%, 3/19,RH,"[0, 2]","HFD over 375-500, k=11"
HFD + KNN,34.21076444959837%, 4/19,RH,"[0, 3]","HFD over 375-500, k=11"
HFD + KNN,38.4052505225051%, 3/19,RH,"[0, 4]","HFD over 375-500, k=11"
HFD + KNN,40.88731727471057%, 6/19,RH,"[0, 5]","HFD over 375-500, k=11"
HFD + KNN,40.556630180912315%, 4/19,RH,"[0, 6]","HFD over 375-500, k=11"
HFD + KNN,41.2286666265261%, 6/19,RH,"[0, 7]","HFD over 375-500, k=11"
HFD + KNN,35.99771715443787%, 1/19,RH,"[0, 8]","HFD over 375-500, k=11"
HFD + KNN,40.926703483058375%, 4/19,RH,"[0, 9]","HFD over 375-500, k=11"
HFD + KNN,38.653311260741916%, 3/19,RH,"[0, 10]","HFD over 375-500, k=11"
HFD + KNN,35.64245314074563%, 1/19,RH,"[0, 11]","HFD over 375-500, k=11"
HFD + KNN,36.331530939318476%, 3/19,RH,"[0, 12]","HFD over 375-500, k=11"
HFD + KNN,35.868900611428714%, 3/19,RH,"[0, 13]","HFD over 375-500, k=11"
HFD + KNN,37.38133646695097%, 2/19,RH,"[0, 14]","HFD over 375-500, k=11"
HFD + KNN,39.04884733554816%, 2/19,RH,"[0, 15]","HFD over 375-500, k=11"
HFD + KNN,42.07548520309311%, 4/19,RH,"[0, 16]","HFD over 375-500, k=11"
HFD + KNN,41.03836201819948%, 4/19,RH,"[0, 17]","HFD over 375-500, k=11"
HFD + KNN,35.31349546317061%, 3/19,RH,"[0, 18]","HFD over 375-500, k=11"
HFD + KNN,32.98958773577874%, 3/19,RH,"[0, 19]","HFD over 375-500, k=11"
HFD + KNN,34.08057438004497%, 1/19,RH,"[0, 20]","HFD over 375-500, k=11"
HFD + KNN,35.84535059021404%, 3/19,RH,"[0, 21]","HFD over 375-500, k=11"
HFD + KNN,41.901589990163664%, 5/19,RH,"[0, 22]","HFD over 375-500, k=11"
HFD + KNN,41.72523749429667%, 5/19,RH,"[0, 23]","HFD over 375-500, k=11"
HFD + KNN,37.7335704644765%, 5/19,RH,"[0, 24]","HFD over 375-500, k=11"
HFD + KNN,34.02302166610541%, 3/19,RH,"[0, 25]","HFD over 375-500, k=11"
HFD + KNN,35.279345461773474%, 1/19,RH,"[0, 26]","HFD over 375-500, k=11"
HFD + KNN,37.42682955585161%, 3/19,RH,"[0, 27]","HFD over 375-500, k=11"
HFD + KNN,41.03148193654188%, 6/19,RH,"[0, 28]","HFD over 375-500, k=11"
HFD + KNN,39.642780053733304%, 4/19,RH,"[0, 29]","HFD over 375-500, k=11"
HFD + KNN,40.43654021800825%, 6/19,RH,"[0, 30]","HFD over 375-500, k=11"
HFD + KNN,40.27183273548595%, 4/19,RH,"[0, 31]","HFD over 375-500, k=11"
HFD + KNN,39.17508266944822%, 4/19,RH,"[0, 32]","HFD over 375-500, k=11"
HFD + KNN,34.81237715084971%, 3/19,RH,"[0, 33]","HFD over 375-500, k=11"
HFD + KNN,40.576832540546114%, 3/19,RH,"[0, 34]","HFD over 375-500, k=11"
HFD + KNN,34.33450273119977%, 1/19,RH,"[0, 35]","HFD over 375-500, k=11"
HFD + KNN,39.47492965850155%, 6/19,RH,"[0, 36]","HFD over 375-500, k=11"
HFD + KNN,32.111863467200486%, 2/19,RH,"[0, 37]","HFD over 375-500, k=11"
HFD + KNN,37.72834281756642%, 3/19,RH,"[0, 38]","HFD over 375-500, k=11"
HFD + KNN,37.92640811846037%, 5/19,RH,"[0, 39]","HFD over 375-500, k=11"
HFD + KNN,33.36062482236453%, 1/19,RH,"[0, 40]","HFD over 375-500, k=11"
HFD + KNN,37.50342946327777%, 5/19,RH,"[0, 41]","HFD over 375-500, k=11"
HFD + KNN,35.370158932146296%, 1/19,RH,"[0, 42]","HFD over 375-500, k=11"
HFD + KNN,39.35395820191223%, 5/19,RH,"[0, 43]","HFD over 375-500, k=11"
HFD + KNN,38.899849437687465%, 5/19,RH,"[0, 44]","HFD over 375-500, k=11"
HFD + KNN,39.48550216666749%, 4/19,RH,"[0, 45]","HFD over 375-500, k=11"
HFD + KNN,38.46787611901207%, 5/19,RH,"[0, 46]","HFD over 375-500, k=11"
HFD + KNN,39.606737469488486%, 3/19,RH,"[0, 47]","HFD over 375-500, k=11"
HFD + KNN,35.5062833780608%, 1/19,RH,"[0, 48]","HFD over 375-500, k=11"
HFD + KNN,39.042683920836794%, 4/19,RH,"[0, 49]","HFD over 375-500, k=11"
HFD + KNN,36.76100171193403%, 4/19,RH,"[0, 50]","HFD over 375-500, k=11"
HFD + KNN,40.65346450183507%, 5/19,RH,"[0, 51]","HFD over 375-500, k=11"
HFD + KNN,39.21716931644457%, 5/19,RH,"[0, 52]","HFD over 375-500, k=11"
HFD + KNN,39.52370760860724%, 4/19,RH,"[0, 53]","HFD over 375-500, k=11"
HFD + KNN,38.990751500859446%, 6/19,RH,"[0, 54]","HFD over 375-500, k=11"
HFD + KNN,41.732550422120404%, 6/19,RH,"[0, 55]","HFD over 375-500, k=11"
HFD + KNN,36.105722031067%, 4/19,RH,"[0, 56]","HFD over 375-500, k=11"
HFD + KNN,38.63990556192133%, 3/19,RH,"[0, 57]","HFD over 375-500, k=11"
HFD + KNN,43.52673510515768%, 5/19,RH,"[0, 58]","HFD over 375-500, k=11"
HFD + KNN,39.21368368867005%, 6/19,RH,"[0, 59]","HFD over 375-500, k=11"
HFD + KNN,35.201497693968506%, 3/19,RH,"[0, 60]","HFD over 375-500, k=11"
HFD + KNN,45.94021451587376%, 5/19,RH,[0],"HFD over 375-500, k=1"
HFD + KNN,43.16456487499666%, 5/19,RH,[0],"HFD over 375-500, k=6"
HFD + KNN,43.64186040296262%, 4/19,RH,[0],"HFD over 375-500, k=11"
HFD + KNN,44.39423838374365%, 6/19,RH,[0],"HFD over 375-500, k=16"
HFD + KNN,43.79759466087217%, 7/19,RH,[0],"HFD over 375-500, k=21"
HFD + KNN,43.24919928682068%, 5/19,RH,[0],"HFD over 375-500, k=26"
HFD + KNN,42.31748591977169%, 5/19,RH,[0],"HFD over 375-500, k=31"
HFD + KNN,43.8013144193774%, 4/19,RH,[0],"HFD over 375-500, k=36"
HFD + KNN,44.824822560557934%, 6/19,RH,[0],"HFD over 375-500, k=41"
HFD + KNN,44.382405329265495%, 6/19,RH,[0],"HFD over 375-500, k=46"
HFD + KNN,43.190779908977476%, 6/19,RH,[0],"HFD over 375-500, k=51"
HFD + KNN,40.71626427970898%, 5/19,RH,[0],"HFD over 375-500, k=56"
HFD + KNN,39.720718590772854%, 5/19,RH,[0],"HFD over 375-500, k=61"
HFD + KNN,36.31750302615395%, 3/19,RH,[0],"HFD over 375-500, k=66"
HFD + KNN,37.17130261279642%, 5/19,RH,[0],"HFD over 375-500, k=71"
HFD + KNN,35.71286348073186%, 3/19,RH,[0],"HFD over 375-500, k=76"
HFD + KNN,35.45242145985906%, 3/19,RH,[0],"HFD over 375-500, k=81"
HFD + KNN,34.90717345764492%, 0/19,RH,[0],"HFD over 375-500, k=86"
HFD + KNN,35.83817512424088%, 2/19,RH,[0],"HFD over 375-500, k=91"
HFD + KNN,35.49337949081071%, 3/19,RH,[0],"HFD over 375-500, k=96"
HFD + KNN,45.94021451587376%, 5/19,RH,[0],"HFD over 375-500, k=1"
HFD + KNN,44.467791409665566%, 9/19,RH,[0],"HFD over 375-500, k=2"
HFD + KNN,44.250680584179%, 3/19,RH,[0],"HFD over 375-500, k=3"
HFD + KNN,42.44922755360332%, 7/19,RH,[0],"HFD over 375-500, k=4"
HFD + KNN,43.173561616671165%, 4/19,RH,[0],"HFD over 375-500, k=5"
HFD + KNN,43.16456487499666%, 5/19,RH,[0],"HFD over 375-500, k=6"
HFD + KNN,42.64805882744271%, 4/19,RH,[0],"HFD over 375-500, k=7"
HFD + KNN,40.786782930418795%, 4/19,RH,[0],"HFD over 375-500, k=8"
HFD + KNN,43.54249187621323%, 4/19,RH,[0],"HFD over 375-500, k=9"
HFD + KNN,43.79759466087217%, 7/19,RH,"[1, 0]","HFD over 375-500, k=11"
HFD + KNN,38.163166432896205%, 4/19,RH,"[1, 1]","HFD over 375-500, k=11"
HFD + KNN,34.966658631046904%, 3/19,RH,"[1, 2]","HFD over 375-500, k=11"
HFD + KNN,34.21076444959837%, 4/19,RH,"[1, 3]","HFD over 375-500, k=11"
HFD + KNN,38.4052505225051%, 3/19,RH,"[1, 4]","HFD over 375-500, k=11"
HFD + KNN,40.88731727471057%, 6/19,RH,"[1, 5]","HFD over 375-500, k=11"
HFD + KNN,40.556630180912315%, 4/19,RH,"[1, 6]","HFD over 375-500, k=11"
HFD + KNN,41.2286666265261%, 6/19,RH,"[1, 7]","HFD over 375-500, k=11"
HFD + KNN,35.99771715443787%, 1/19,RH,"[1, 8]","HFD over 375-500, k=11"
HFD + KNN,40.926703483058375%, 4/19,RH,"[1, 9]","HFD over 375-500, k=11"
HFD + KNN,38.653311260741916%, 3/19,RH,"[1, 10]","HFD over 375-500, k=11"
HFD + KNN,35.64245314074563%, 1/19,RH,"[1, 11]","HFD over 375-500, k=11"
HFD + KNN,36.331530939318476%, 3/19,RH,"[1, 12]","HFD over 375-500, k=11"
HFD + KNN,35.868900611428714%, 3/19,RH,"[1, 13]","HFD over 375-500, k=11"
HFD + KNN,37.38133646695097%, 2/19,RH,"[1, 14]","HFD over 375-500, k=11"
HFD + KNN,39.04884733554816%, 2/19,RH,"[1, 15]","HFD over 375-500, k=11"
HFD + KNN,42.07548520309311%, 4/19,RH,"[1, 16]","HFD over 375-500, k=11"
HFD + KNN,41.03836201819948%, 4/19,RH,"[1, 17]","HFD over 375-500, k=11"
HFD + KNN,35.31349546317061%, 3/19,RH,"[1, 18]","HFD over 375-500, k=11"
HFD + KNN,32.98958773577874%, 3/19,RH,"[1, 19]","HFD over 375-500, k=11"
HFD + KNN,34.08057438004497%, 1/19,RH,"[1, 20]","HFD over 375-500, k=11"
HFD + KNN,35.84535059021404%, 3/19,RH,"[1, 21]","HFD over 375-500, k=11"
HFD + KNN,41.901589990163664%, 5/19,RH,"[1, 22]","HFD over 375-500, k=11"
HFD + KNN,41.72523749429667%, 5/19,RH,"[1, 23]","HFD over 375-500, k=11"
HFD + KNN,37.7335704644765%, 5/19,RH,"[1, 24]","HFD over 375-500, k=11"
HFD + KNN,34.02302166610541%, 3/19,RH,"[1, 25]","HFD over 375-500, k=11"
HFD + KNN,35.279345461773474%, 1/19,RH,"[1, 26]","HFD over 375-500, k=11"
HFD + KNN,37.42682955585161%, 3/19,RH,"[1, 27]","HFD over 375-500, k=11"
HFD + KNN,41.03148193654188%, 6/19,RH,"[1, 28]","HFD over 375-500, k=11"
HFD + KNN,39.642780053733304%, 4/19,RH,"[1, 29]","HFD over 375-500, k=11"
HFD + KNN,40.43654021800825%, 6/19,RH,"[1, 30]","HFD over 375-500, k=11"
HFD + KNN,40.27183273548595%, 4/19,RH,"[1, 31]","HFD over 375-500, k=11"
HFD + KNN,39.17508266944822%, 4/19,RH,"[1, 32]","HFD over 375-500, k=11"
HFD + KNN,34.81237715084971%, 3/19,RH,"[1, 33]","HFD over 375-500, k=11"
HFD + KNN,40.576832540546114%, 3/19,RH,"[1, 34]","HFD over 375-500, k=11"
HFD + KNN,34.33450273119977%, 1/19,RH,"[1, 35]","HFD over 375-500, k=11"
HFD + KNN,39.47492965850155%, 6/19,RH,"[1, 36]","HFD over 375-500, k=11"
HFD + KNN,32.111863467200486%, 2/19,RH,"[1, 37]","HFD over 375-500, k=11"
HFD + KNN,37.72834281756642%, 3/19,RH,"[1, 38]","HFD over 375-500, k=11"
HFD + KNN,37.92640811846037%, 5/19,RH,"[1, 39]","HFD over 375-500, k=11"
HFD + KNN,33.36062482236453%, 1/19,RH,"[1, 40]","HFD over 375-500, k=11"
HFD + KNN,37.50342946327777%, 5/19,RH,"[1, 41]","HFD over 375-500, k=11"
HFD + KNN,35.370158932146296%, 1/19,RH,"[1, 42]","HFD over 375-500, k=11"
HFD + KNN,39.35395820191223%, 5/19,RH,"[1, 43]","HFD over 375-500, k=11"
HFD + KNN,38.899849437687465%, 5/19,RH,"[1, 44]","HFD over 375-500, k=11"
HFD + KNN,39.48550216666749%, 4/19,RH,"[1, 45]","HFD over 375-500, k=11"
HFD + KNN,38.46787611901207%, 5/19,RH,"[1, 46]","HFD over 375-500, k=11"
HFD + KNN,39.606737469488486%, 3/19,RH,"[1, 47]","HFD over 375-500, k=11"
HFD + KNN,35.5062833780608%, 1/19,RH,"[1, 48]","HFD over 375-500, k=11"
HFD + KNN,39.042683920836794%, 4/19,RH,"[1, 49]","HFD over 375-500, k=11"
HFD + KNN,36.76100171193403%, 4/19,RH,"[1, 50]","HFD over 375-500, k=11"
HFD + KNN,40.65346450183507%, 5/19,RH,"[1, 51]","HFD over 375-500, k=11"
HFD + KNN,39.21716931644457%, 5/19,RH,"[1, 52]","HFD over 375-500, k=11"
HFD + KNN,39.52370760860724%, 4/19,RH,"[1, 53]","HFD over 375-500, k=11"
HFD + KNN,38.990751500859446%, 6/19,RH,"[1, 54]","HFD over 375-500, k=11"
HFD + KNN,41.732550422120404%, 6/19,RH,"[1, 55]","HFD over 375-500, k=11"
HFD + KNN,36.105722031067%, 4/19,RH,"[1, 56]","HFD over 375-500, k=11"
HFD + KNN,38.63990556192133%, 3/19,RH,"[1, 57]","HFD over 375-500, k=11"
HFD + KNN,43.52673510515768%, 5/19,RH,"[1, 58]","HFD over 375-500, k=11"
HFD + KNN,39.21368368867005%, 6/19,RH,"[1, 59]","HFD over 375-500, k=11"
HFD + KNN,35.201497693968506%, 3/19,RH,"[1, 60]","HFD over 375-500, k=11"
HFD + KNN,37.31255267076941%, 4/19,RH,[0],"HFD over 375-500, k=1"
HFD + KNN,32.05331988120791%, 0/19,RH,[1],"HFD over 375-500, k=1"
HFD + KNN,39.62250315149357%, 4/19,RH,[2],"HFD over 375-500, k=1"
HFD + KNN,39.43879849528575%, 6/19,RH,[3],"HFD over 375-500, k=1"
HFD + KNN,41.39984120964618%, 5/19,RH,[4],"HFD over 375-500, k=1"
HFD + KNN,41.872931838445425%, 5/19,RH,[5],"HFD over 375-500, k=1"
HFD + KNN,35.00685343299218%, 2/19,RH,[6],"HFD over 375-500, k=1"
HFD + KNN,39.61565090558395%, 6/19,RH,[7],"HFD over 375-500, k=1"
HFD + KNN,42.114391268288045%, 4/19,RH,[8],"HFD over 375-500, k=1"
HFD + KNN,41.1752188107253%, 4/19,RH,[9],"HFD over 375-500, k=1"
HFD + KNN,37.75713094208884%, 4/19,RH,[10],"HFD over 375-500, k=1"
HFD + KNN,39.19586773473158%, 3/19,RH,[11],"HFD over 375-500, k=1"
HFD + KNN,37.63264608837801%, 4/19,RH,[12],"HFD over 375-500, k=1"
HFD + KNN,37.714473798915726%, 3/19,RH,[13],"HFD over 375-500, k=1"
HFD + KNN,42.25881213537823%, 7/19,RH,[14],"HFD over 375-500, k=1"
HFD + KNN,33.48212099129872%, 3/19,RH,[15],"HFD over 375-500, k=1"
HFD + KNN,44.659018541037966%, 7/19,RH,[16],"HFD over 375-500, k=1"
HFD + KNN,35.692483340588225%, 2/19,RH,[17],"HFD over 375-500, k=1"
HFD + KNN,34.78262861042931%, 3/19,RH,[18],"HFD over 375-500, k=1"
HFD + KNN,33.876752160589916%, 2/19,RH,[19],"HFD over 375-500, k=1"
HFD + KNN,40.38829921204826%, 4/19,RH,[20],"HFD over 375-500, k=1"
HFD + KNN,43.569306056235654%, 6/19,RH,[21],"HFD over 375-500, k=1"
HFD + KNN,44.87638338239402%, 7/19,RH,[22],"HFD over 375-500, k=1"
HFD + KNN,34.869744845320135%, 0/19,RH,[23],"HFD over 375-500, k=1"
HFD + KNN,41.309019499309905%, 6/19,RH,[24],"HFD over 375-500, k=1"
HFD + KNN,41.269494347526376%, 6/19,RH,[25],"HFD over 375-500, k=1"
HFD + KNN,42.551078225594836%, 6/19,RH,[26],"HFD over 375-500, k=1"
HFD + KNN,39.57868569849105%, 3/19,RH,[27],"HFD over 375-500, k=1"
HFD + KNN,41.67666876342773%, 5/19,RH,[28],"HFD over 375-500, k=1"
HFD + KNN,37.7443863315032%, 4/19,RH,[29],"HFD over 375-500, k=1"
HFD + KNN,42.85296792895545%, 7/19,RH,[30],"HFD over 375-500, k=1"
HFD + KNN,41.9667443994021%, 4/19,RH,[31],"HFD over 375-500, k=1"
HFD + KNN,43.19950474928966%, 6/19,RH,[32],"HFD over 375-500, k=1"
HFD + KNN,42.10265234242656%, 4/19,RH,[33],"HFD over 375-500, k=1"
HFD + KNN,39.44419017682865%, 6/19,RH,[34],"HFD over 375-500, k=1"
HFD + KNN,36.20727998736624%, 1/19,RH,[35],"HFD over 375-500, k=1"
HFD + KNN,37.169218410184456%, 4/19,RH,[36],"HFD over 375-500, k=1"
HFD + KNN,38.02794383632258%, 3/19,RH,[37],"HFD over 375-500, k=1"
HFD + KNN,44.46228504584176%, 8/19,RH,[38],"HFD over 375-500, k=1"
HFD + KNN,34.04953059102636%, 2/19,RH,[39],"HFD over 375-500, k=1"
HFD + KNN,43.17884854246626%, 8/19,RH,[40],"HFD over 375-500, k=1"
HFD + KNN,34.67016526025527%, 2/19,RH,[41],"HFD over 375-500, k=1"
HFD + KNN,34.47421114980593%, 2/19,RH,[42],"HFD over 375-500, k=1"
HFD + KNN,40.18794920274934%, 3/19,RH,[43],"HFD over 375-500, k=1"
HFD + KNN,39.969003102727385%, 5/19,RH,[44],"HFD over 375-500, k=1"
HFD + KNN,39.29432053621735%, 4/19,RH,[45],"HFD over 375-500, k=1"
HFD + KNN,41.8261832157687%, 7/19,RH,[46],"HFD over 375-500, k=1"
HFD + KNN,42.156824736431645%, 4/19,RH,[47],"HFD over 375-500, k=1"
HFD + KNN,44.670772521605045%, 8/19,RH,[48],"HFD over 375-500, k=1"
HFD + KNN,36.576683891923444%, 4/19,RH,[49],"HFD over 375-500, k=1"
HFD + KNN,37.84879942899057%, 5/19,RH,[50],"HFD over 375-500, k=1"
HFD + KNN,43.853983338338985%, 6/19,RH,[51],"HFD over 375-500, k=1"
HFD + KNN,42.175220107874125%, 5/19,RH,[52],"HFD over 375-500, k=1"
HFD + KNN,44.73685823856275%, 8/19,RH,[53],"HFD over 375-500, k=1"
HFD + KNN,42.32118340998875%, 8/19,RH,[54],"HFD over 375-500, k=1"
HFD + KNN,40.06427708737092%, 6/19,RH,[55],"HFD over 375-500, k=1"
HFD + KNN,43.62450908128417%, 6/19,RH,[56],"HFD over 375-500, k=1"
HFD + KNN,39.81405110802213%, 5/19,RH,[57],"HFD over 375-500, k=1"
HFD + KNN,41.641067626873955%, 9/19,RH,[58],"HFD over 375-500, k=1"
HFD + KNN,43.64014668627038%, 5/19,RH,[59],"HFD over 375-500, k=1"
HFD + KNN,40.39302162162461%, 6/19,RH,[60],"HFD over 375-500, k=1"
HFD + KNN,37.31255267076941%, 4/19,RH,"[22, 0]","HFD over 375-500, k=1"
HFD + KNN,32.05331988120791%, 0/19,RH,"[22, 1]","HFD over 375-500, k=1"
HFD + KNN,39.62250315149357%, 4/19,RH,"[22, 2]","HFD over 375-500, k=1"
HFD + KNN,39.43879849528575%, 6/19,RH,"[22, 3]","HFD over 375-500, k=1"
HFD + KNN,41.39984120964618%, 5/19,RH,"[22, 4]","HFD over 375-500, k=1"
HFD + KNN,41.872931838445425%, 5/19,RH,"[22, 5]","HFD over 375-500, k=1"
HFD + KNN,35.00685343299218%, 2/19,RH,"[22, 6]","HFD over 375-500, k=1"
HFD + KNN,39.61565090558395%, 6/19,RH,"[22, 7]","HFD over 375-500, k=1"
HFD + KNN,42.114391268288045%, 4/19,RH,"[22, 8]","HFD over 375-500, k=1"
HFD + KNN,41.1752188107253%, 4/19,RH,"[22, 9]","HFD over 375-500, k=1"
HFD + KNN,37.75713094208884%, 4/19,RH,"[22, 10]","HFD over 375-500, k=1"
HFD + KNN,39.19586773473158%, 3/19,RH,"[22, 11]","HFD over 375-500, k=1"
HFD + KNN,37.63264608837801%, 4/19,RH,"[22, 12]","HFD over 375-500, k=1"
HFD + KNN,37.714473798915726%, 3/19,RH,"[22, 13]","HFD over 375-500, k=1"
HFD + KNN,42.25881213537823%, 7/19,RH,"[22, 14]","HFD over 375-500, k=1"
HFD + KNN,33.48212099129872%, 3/19,RH,"[22, 15]","HFD over 375-500, k=1"
HFD + KNN,44.659018541037966%, 7/19,RH,"[22, 16]","HFD over 375-500, k=1"
HFD + KNN,35.692483340588225%, 2/19,RH,"[22, 17]","HFD over 375-500, k=1"
HFD + KNN,34.78262861042931%, 3/19,RH,"[22, 18]","HFD over 375-500, k=1"
HFD + KNN,33.876752160589916%, 2/19,RH,"[22, 19]","HFD over 375-500, k=1"
HFD + KNN,40.38829921204826%, 4/19,RH,"[22, 20]","HFD over 375-500, k=1"
HFD + KNN,43.569306056235654%, 6/19,RH,"[22, 21]","HFD over 375-500, k=1"
HFD + KNN,44.87638338239402%, 7/19,RH,"[22, 22]","HFD over 375-500, k=1"
HFD + KNN,34.869744845320135%, 0/19,RH,"[22, 23]","HFD over 375-500, k=1"
HFD + KNN,41.309019499309905%, 6/19,RH,"[22, 24]","HFD over 375-500, k=1"
HFD + KNN,41.269494347526376%, 6/19,RH,"[22, 25]","HFD over 375-500, k=1"
HFD + KNN,42.551078225594836%, 6/19,RH,"[22, 26]","HFD over 375-500, k=1"
HFD + KNN,39.57868569849105%, 3/19,RH,"[22, 27]","HFD over 375-500, k=1"
HFD + KNN,41.67666876342773%, 5/19,RH,"[22, 28]","HFD over 375-500, k=1"
HFD + KNN,37.7443863315032%, 4/19,RH,"[22, 29]","HFD over 375-500, k=1"
HFD + KNN,42.85296792895545%, 7/19,RH,"[22, 30]","HFD over 375-500, k=1"
HFD + KNN,41.9667443994021%, 4/19,RH,"[22, 31]","HFD over 375-500, k=1"
HFD + KNN,43.19950474928966%, 6/19,RH,"[22, 32]","HFD over 375-500, k=1"
HFD + KNN,42.10265234242656%, 4/19,RH,"[22, 33]","HFD over 375-500, k=1"
HFD + KNN,39.44419017682865%, 6/19,RH,"[22, 34]","HFD over 375-500, k=1"
HFD + KNN,36.20727998736624%, 1/19,RH,"[22, 35]","HFD over 375-500, k=1"
HFD + KNN,37.169218410184456%, 4/19,RH,"[22, 36]","HFD over 375-500, k=1"
HFD + KNN,38.02794383632258%, 3/19,RH,"[22, 37]","HFD over 375-500, k=1"
HFD + KNN,44.46228504584176%, 8/19,RH,"[22, 38]","HFD over 375-500, k=1"
HFD + KNN,34.04953059102636%, 2/19,RH,"[22, 39]","HFD over 375-500, k=1"
HFD + KNN,43.17884854246626%, 8/19,RH,"[22, 40]","HFD over 375-500, k=1"
HFD + KNN,34.67016526025527%, 2/19,RH,"[22, 41]","HFD over 375-500, k=1"
HFD + KNN,34.47421114980593%, 2/19,RH,"[22, 42]","HFD over 375-500, k=1"
HFD + KNN,40.18794920274934%, 3/19,RH,"[22, 43]","HFD over 375-500, k=1"
HFD + KNN,39.969003102727385%, 5/19,RH,"[22, 44]","HFD over 375-500, k=1"
HFD + KNN,39.29432053621735%, 4/19,RH,"[22, 45]","HFD over 375-500, k=1"
HFD + KNN,41.8261832157687%, 7/19,RH,"[22, 46]","HFD over 375-500, k=1"
HFD + KNN,42.156824736431645%, 4/19,RH,"[22, 47]","HFD over 375-500, k=1"
HFD + KNN,44.670772521605045%, 8/19,RH,"[22, 48]","HFD over 375-500, k=1"
HFD + KNN,36.576683891923444%, 4/19,RH,"[22, 49]","HFD over 375-500, k=1"
HFD + KNN,37.84879942899057%, 5/19,RH,"[22, 50]","HFD over 375-500, k=1"
HFD + KNN,43.853983338338985%, 6/19,RH,"[22, 51]","HFD over 375-500, k=1"
HFD + KNN,42.175220107874125%, 5/19,RH,"[22, 52]","HFD over 375-500, k=1"
HFD + KNN,44.73685823856275%, 8/19,RH,"[22, 53]","HFD over 375-500, k=1"
HFD + KNN,42.32118340998875%, 8/19,RH,"[22, 54]","HFD over 375-500, k=1"
HFD + KNN,40.06427708737092%, 6/19,RH,"[22, 55]","HFD over 375-500, k=1"
HFD + KNN,43.62450908128417%, 6/19,RH,"[22, 56]","HFD over 375-500, k=1"
HFD + KNN,39.81405110802213%, 5/19,RH,"[22, 57]","HFD over 375-500, k=1"
HFD + KNN,41.641067626873955%, 9/19,RH,"[22, 58]","HFD over 375-500, k=1"
HFD + KNN,43.64014668627038%, 5/19,RH,"[22, 59]","HFD over 375-500, k=1"
HFD + KNN,40.39302162162461%, 6/19,RH,"[22, 60]","HFD over 375-500, k=1"
HFD + KNN,47.946330945911505%, 8/19,RH,[22],"HFD over 375-500, k=1"
HFD + KNN,49.72648871073971%, 8/19,RH,[22],"HFD over 375-500, k=6"
HFD + KNN,46.737067314833304%, 11/19,RH,[22],"HFD over 375-500, k=11"
HFD + KNN,47.07224807321141%, 6/19,RH,[22],"HFD over 375-500, k=16"
HFD + KNN,44.87638338239402%, 7/19,RH,[22],"HFD over 375-500, k=21"
HFD + KNN,44.60226524087494%, 7/19,RH,[22],"HFD over 375-500, k=26"
HFD + KNN,46.12759831489415%, 7/19,RH,[22],"HFD over 375-500, k=31"
HFD + KNN,45.727710825370664%, 8/19,RH,[22],"HFD over 375-500, k=36"
HFD + KNN,45.241251834664986%, 9/19,RH,[22],"HFD over 375-500, k=41"
HFD + KNN,44.90697138881804%, 8/19,RH,[22],"HFD over 375-500, k=46"
HFD + KNN,45.37967614651424%, 9/19,RH,[22],"HFD over 375-500, k=51"
HFD + KNN,44.79892683276875%, 7/19,RH,[22],"HFD over 375-500, k=56"
HFD + KNN,45.331518468203726%, 8/19,RH,[22],"HFD over 375-500, k=61"
HFD + KNN,44.48776224747464%, 8/19,RH,[22],"HFD over 375-500, k=66"
HFD + KNN,44.47818304211821%, 8/19,RH,[22],"HFD over 375-500, k=71"
HFD + KNN,43.916565901250735%, 9/19,RH,[22],"HFD over 375-500, k=76"
HFD + KNN,43.921180987110084%, 8/19,RH,[22],"HFD over 375-500, k=81"
HFD + KNN,42.455546335037226%, 8/19,RH,[22],"HFD over 375-500, k=86"
HFD + KNN,42.44215526635496%, 9/19,RH,[22],"HFD over 375-500, k=91"
HFD + KNN,40.914966709435525%, 8/19,RH,[22],"HFD over 375-500, k=96"
HFD + KNN,37.31255267076941%, 4/19,RH,"[22, 0]","HFD over 375-500, k=6"
HFD + KNN,32.05331988120791%, 0/19,RH,"[22, 1]","HFD over 375-500, k=6"
HFD + KNN,39.62250315149357%, 4/19,RH,"[22, 2]","HFD over 375-500, k=6"
HFD + KNN,39.43879849528575%, 6/19,RH,"[22, 3]","HFD over 375-500, k=6"
HFD + KNN,41.39984120964618%, 5/19,RH,"[22, 4]","HFD over 375-500, k=6"
HFD + KNN,41.872931838445425%, 5/19,RH,"[22, 5]","HFD over 375-500, k=6"
HFD + KNN,35.00685343299218%, 2/19,RH,"[22, 6]","HFD over 375-500, k=6"
HFD + KNN,39.61565090558395%, 6/19,RH,"[22, 7]","HFD over 375-500, k=6"
HFD + KNN,42.114391268288045%, 4/19,RH,"[22, 8]","HFD over 375-500, k=6"
HFD + KNN,41.1752188107253%, 4/19,RH,"[22, 9]","HFD over 375-500, k=6"
HFD + KNN,37.75713094208884%, 4/19,RH,"[22, 10]","HFD over 375-500, k=6"
HFD + KNN,39.19586773473158%, 3/19,RH,"[22, 11]","HFD over 375-500, k=6"
HFD + KNN,37.63264608837801%, 4/19,RH,"[22, 12]","HFD over 375-500, k=6"
HFD + KNN,37.714473798915726%, 3/19,RH,"[22, 13]","HFD over 375-500, k=6"
HFD + KNN,42.25881213537823%, 7/19,RH,"[22, 14]","HFD over 375-500, k=6"
HFD + KNN,33.48212099129872%, 3/19,RH,"[22, 15]","HFD over 375-500, k=6"
HFD + KNN,44.659018541037966%, 7/19,RH,"[22, 16]","HFD over 375-500, k=6"
HFD + KNN,35.692483340588225%, 2/19,RH,"[22, 17]","HFD over 375-500, k=6"
HFD + KNN,34.78262861042931%, 3/19,RH,"[22, 18]","HFD over 375-500, k=6"
HFD + KNN,33.876752160589916%, 2/19,RH,"[22, 19]","HFD over 375-500, k=6"
HFD + KNN,40.38829921204826%, 4/19,RH,"[22, 20]","HFD over 375-500, k=6"
HFD + KNN,43.569306056235654%, 6/19,RH,"[22, 21]","HFD over 375-500, k=6"
HFD + KNN,44.87638338239402%, 7/19,RH,"[22, 22]","HFD over 375-500, k=6"
HFD + KNN,34.869744845320135%, 0/19,RH,"[22, 23]","HFD over 375-500, k=6"
HFD + KNN,41.309019499309905%, 6/19,RH,"[22, 24]","HFD over 375-500, k=6"
HFD + KNN,41.269494347526376%, 6/19,RH,"[22, 25]","HFD over 375-500, k=6"
HFD + KNN,42.551078225594836%, 6/19,RH,"[22, 26]","HFD over 375-500, k=6"
HFD + KNN,39.57868569849105%, 3/19,RH,"[22, 27]","HFD over 375-500, k=6"
HFD + KNN,41.67666876342773%, 5/19,RH,"[22, 28]","HFD over 375-500, k=6"
HFD + KNN,37.7443863315032%, 4/19,RH,"[22, 29]","HFD over 375-500, k=6"
HFD + KNN,42.85296792895545%, 7/19,RH,"[22, 30]","HFD over 375-500, k=6"
HFD + KNN,41.9667443994021%, 4/19,RH,"[22, 31]","HFD over 375-500, k=6"
HFD + KNN,43.19950474928966%, 6/19,RH,"[22, 32]","HFD over 375-500, k=6"
HFD + KNN,42.10265234242656%, 4/19,RH,"[22, 33]","HFD over 375-500, k=6"
HFD + KNN,39.44419017682865%, 6/19,RH,"[22, 34]","HFD over 375-500, k=6"
HFD + KNN,36.20727998736624%, 1/19,RH,"[22, 35]","HFD over 375-500, k=6"
HFD + KNN,37.169218410184456%, 4/19,RH,"[22, 36]","HFD over 375-500, k=6"
HFD + KNN,38.02794383632258%, 3/19,RH,"[22, 37]","HFD over 375-500, k=6"
HFD + KNN,44.46228504584176%, 8/19,RH,"[22, 38]","HFD over 375-500, k=6"
HFD + KNN,34.04953059102636%, 2/19,RH,"[22, 39]","HFD over 375-500, k=6"
HFD + KNN,43.17884854246626%, 8/19,RH,"[22, 40]","HFD over 375-500, k=6"
HFD + KNN,34.67016526025527%, 2/19,RH,"[22, 41]","HFD over 375-500, k=6"
HFD + KNN,34.47421114980593%, 2/19,RH,"[22, 42]","HFD over 375-500, k=6"
HFD + KNN,40.18794920274934%, 3/19,RH,"[22, 43]","HFD over 375-500, k=6"
HFD + KNN,39.969003102727385%, 5/19,RH,"[22, 44]","HFD over 375-500, k=6"
HFD + KNN,39.29432053621735%, 4/19,RH,"[22, 45]","HFD over 375-500, k=6"
HFD + KNN,41.8261832157687%, 7/19,RH,"[22, 46]","HFD over 375-500, k=6"
HFD + KNN,42.156824736431645%, 4/19,RH,"[22, 47]","HFD over 375-500, k=6"
HFD + KNN,44.670772521605045%, 8/19,RH,"[22, 48]","HFD over 375-500, k=6"
HFD + KNN,36.576683891923444%, 4/19,RH,"[22, 49]","HFD over 375-500, k=6"
HFD + KNN,37.84879942899057%, 5/19,RH,"[22, 50]","HFD over 375-500, k=6"
HFD + KNN,43.853983338338985%, 6/19,RH,"[22, 51]","HFD over 375-500, k=6"
HFD + KNN,42.175220107874125%, 5/19,RH,"[22, 52]","HFD over 375-500, k=6"
HFD + KNN,44.73685823856275%, 8/19,RH,"[22, 53]","HFD over 375-500, k=6"
HFD + KNN,42.32118340998875%, 8/19,RH,"[22, 54]","HFD over 375-500, k=6"
HFD + KNN,40.06427708737092%, 6/19,RH,"[22, 55]","HFD over 375-500, k=6"
HFD + KNN,43.62450908128417%, 6/19,RH,"[22, 56]","HFD over 375-500, k=6"
HFD + KNN,39.81405110802213%, 5/19,RH,"[22, 57]","HFD over 375-500, k=6"
HFD + KNN,41.641067626873955%, 9/19,RH,"[22, 58]","HFD over 375-500, k=6"
HFD + KNN,43.64014668627038%, 5/19,RH,"[22, 59]","HFD over 375-500, k=6"
HFD + KNN,40.39302162162461%, 6/19,RH,"[22, 60]","HFD over 375-500, k=6"
