Processing Method,Classifier,Dataset,Overall accuracy,Sensitivity,Specificity,Average accuracy per fold,Patients correct ratio,Channels,Hyperparameters,Notes,Details
PCA + Bandpower,Linear SVM,PP/PNP-RH,0.323,0.4147727272727273,0.22033898305084745,0.3104467377626065,0.3157894736842105,['Cz'],0.5,"{""pca_components"": 3}",
PCA + Bandpower,Linear SVM,PP/PNP-RH,0.408,0.5018939393939394,0.3029661016949153,0.3943364986186583,0.3684210526315789,['C1'],0.5,"{""pca_components"": 3}",
PCA + Bandpower,Linear SVM,PP/PNP-RH,0.289,0.4128787878787879,0.1504237288135593,0.2777181510546068,0.2631578947368421,['C2'],0.5,"{""pca_components"": 3}",
PCA + Bandpower,Linear SVM,PP/PNP-RH,0.588,0.6212121212121212,0.5508474576271186,0.5753110385524294,0.5789473684210527,['C3'],0.5,"{""pca_components"": 3}",
PCA + Bandpower,Linear SVM,PP/PNP-RH,0.46,0.30492424242424243,0.6334745762711864,0.4459491673864272,0.47368421052631576,['C4'],0.5,"{""pca_components"": 3}",
PCA + Bandpower,Linear SVM,PP/PNP-RH,0.513,0.5359848484848485,0.4872881355932203,0.49387656996916046,0.47368421052631576,['C5'],0.5,"{""pca_components"": 3}",
PCA + Bandpower,Linear SVM,PP/PNP-RH,0.611,0.571969696969697,0.6546610169491526,0.5886179673793887,0.631578947368421,['C6'],0.5,"{""pca_components"": 3}",
PCA + Bandpower,Linear SVM,PP/PNP-RH,0.281,0.3522727272727273,0.20127118644067796,0.2706461274744897,0.21052631578947367,['FCz'],0.5,"{""pca_components"": 3}",
PCA + Bandpower,Linear SVM,PP/PNP-RH,0.465,0.36174242424242425,0.5805084745762712,0.4501385691495341,0.47368421052631576,['FC1'],0.5,"{""pca_components"": 3}",
PCA + Bandpower,Linear SVM,PP/PNP-RH,0.32,0.42045454545454547,0.2076271186440678,0.30240350318942,0.3157894736842105,['FC2'],0.5,"{""pca_components"": 3}",
PCA + Bandpower,Linear SVM,PP/PNP-RH,0.52,0.5170454545454546,0.5233050847457628,0.5078490541282873,0.47368421052631576,['FC3'],0.5,"{""pca_components"": 3}",
PCA + Bandpower,Linear SVM,PP/PNP-RH,0.434,0.5113636363636364,0.3474576271186441,0.41526571117696554,0.47368421052631576,['FC4'],0.5,"{""pca_components"": 3}",
PCA + Bandpower,Linear SVM,PP/PNP-RH,0.53,0.5321969696969697,0.527542372881356,0.5136305084415081,0.5263157894736842,['FC5'],0.5,"{""pca_components"": 3}",
PCA + Bandpower,Linear SVM,PP/PNP-RH,0.482,0.5378787878787878,0.4194915254237288,0.46022703667317694,0.47368421052631576,['FC6'],0.5,"{""pca_components"": 3}",
PCA + Bandpower,Linear SVM,PP/PNP-RH,0.538,0.6174242424242424,0.4491525423728814,0.5184034550389618,0.47368421052631576,['CPz'],0.5,"{""pca_components"": 3}",
PCA + Bandpower,Linear SVM,PP/PNP-RH,0.534,0.6496212121212122,0.4046610169491525,0.5170741717980321,0.5263157894736842,['CP1'],0.5,"{""pca_components"": 3}",
PCA + Bandpower,Linear SVM,PP/PNP-RH,0.519,0.5890151515151515,0.4406779661016949,0.5010246319536489,0.47368421052631576,['CP2'],0.5,"{""pca_components"": 3}",
PCA + Bandpower,Linear SVM,PP/PNP-RH,0.617,0.6534090909090909,0.576271186440678,0.5971657709129405,0.5789473684210527,['CP3'],0.5,"{""pca_components"": 3}",
PCA + Bandpower,Linear SVM,PP/PNP-RH,0.557,0.5909090909090909,0.5190677966101694,0.5373502953942064,0.5263157894736842,['CP4'],0.5,"{""pca_components"": 3}",
PCA + Bandpower,Linear SVM,PP/PNP-RH,0.435,0.4583333333333333,0.4088983050847458,0.41729983398044,0.42105263157894735,['CP5'],0.5,"{""pca_components"": 3}",
PCA + Bandpower,Linear SVM,PP/PNP-RH,0.581,0.553030303030303,0.6122881355932204,0.5584018850002171,0.631578947368421,['CP6'],0.5,"{""pca_components"": 3}",
PCA + Bandpower,Linear SVM,PP/PNP-RH,0.515,0.48484848484848486,0.548728813559322,0.5047300906807614,0.5789473684210527,['Fz'],0.5,"{""pca_components"": 3}",
PCA + Bandpower,Linear SVM,PP/PNP-RH,0.511,0.44886363636363635,0.5805084745762712,0.5025522016815277,0.5263157894736842,['F1'],0.5,"{""pca_components"": 3}",
PCA + Bandpower,Linear SVM,PP/PNP-RH,0.474,0.5378787878787878,0.4025423728813559,0.4620151130958122,0.47368421052631576,['F2'],0.5,"{""pca_components"": 3}",
PCA + Bandpower,Linear SVM,PP/PNP-RH,0.54,0.48484848484848486,0.6016949152542372,0.5295747020525285,0.5789473684210527,['F3'],0.5,"{""pca_components"": 3}",
PCA + Bandpower,Linear SVM,PP/PNP-RH,0.375,0.4337121212121212,0.3093220338983051,0.360567030713591,0.3684210526315789,['F4'],0.5,"{""pca_components"": 3}",
PCA + Bandpower,Linear SVM,PP/PNP-RH,0.508,0.553030303030303,0.4576271186440678,0.4914671393882297,0.47368421052631576,['F7'],0.5,"{""pca_components"": 3}",
PCA + Bandpower,Linear SVM,PP/PNP-RH,0.407,0.36174242424242425,0.4576271186440678,0.3927189343437404,0.42105263157894735,['F8'],0.5,"{""pca_components"": 3}",
PCA + Bandpower,Linear SVM,PP/PNP-RH,0.604,0.6136363636363636,0.5932203389830508,0.5857471661297491,0.631578947368421,['Pz'],0.5,"{""pca_components"": 3}",
PCA + Bandpower,Linear SVM,PP/PNP-RH,0.458,0.48674242424242425,0.4258474576271186,0.4403853875759855,0.47368421052631576,['P1'],0.5,"{""pca_components"": 3}",
PCA + Bandpower,Linear SVM,PP/PNP-RH,0.537,0.6060606060606061,0.4597457627118644,0.5199633019933502,0.5789473684210527,['P2'],0.5,"{""pca_components"": 3}",
PCA + Bandpower,Linear SVM,PP/PNP-RH,0.407,0.4753787878787879,0.3305084745762712,0.3904103343054798,0.3684210526315789,['P3'],0.5,"{""pca_components"": 3}",
PCA + Bandpower,Linear SVM,PP/PNP-RH,0.375,0.44886363636363635,0.2923728813559322,0.3638195494741754,0.3684210526315789,['P4'],0.5,"{""pca_components"": 3}",
PCA + Bandpower,Linear SVM,PP/PNP-RH,0.32,0.2897727272727273,0.3538135593220339,0.30528763019289723,0.3157894736842105,['P5'],0.5,"{""pca_components"": 3}",
PCA + Bandpower,Linear SVM,PP/PNP-RH,0.341,0.3768939393939394,0.3008474576271186,0.33112996785481796,0.3684210526315789,['P6'],0.5,"{""pca_components"": 3}",
PCA + Bandpower,Linear SVM,PP/PNP-RH,0.441,0.1590909090909091,0.7563559322033898,0.44152199098267697,0.42105263157894735,['P7'],0.5,"{""pca_components"": 3}",
PCA + Bandpower,Linear SVM,PP/PNP-RH,0.459,0.49242424242424243,0.4216101694915254,0.44161674233382014,0.42105263157894735,['P8'],0.5,"{""pca_components"": 3}",
PCA + Bandpower,Linear SVM,PP/PNP-RH,0.53,0.553030303030303,0.5042372881355932,0.5183700165702042,0.5263157894736842,['Fp1'],0.5,"{""pca_components"": 3}",
PCA + Bandpower,Linear SVM,PP/PNP-RH,0.481,0.4943181818181818,0.4661016949152542,0.46896453281749545,0.5263157894736842,['POz'],0.5,"{""pca_components"": 3}",
PCA + Bandpower,Linear SVM,PP/PNP-RH,0.397,0.4412878787878788,0.3474576271186441,0.38425926008158173,0.42105263157894735,['PO3'],0.5,"{""pca_components"": 3}",
PCA + Bandpower,Linear SVM,PP/PNP-RH,0.354,0.36363636363636365,0.3432203389830508,0.3381002330895396,0.3684210526315789,['PO4'],0.5,"{""pca_components"": 3}",
PCA + Bandpower,Linear SVM,PP/PNP-RH,0.398,0.42803030303030304,0.3644067796610169,0.386251946949222,0.3684210526315789,['Oz'],0.5,"{""pca_components"": 3}",
PCA + Bandpower,Linear SVM,PP/PNP-RH,0.351,0.3693181818181818,0.3305084745762712,0.3389754762957445,0.3157894736842105,['O1'],0.5,"{""pca_components"": 3}",
PCA + Bandpower,Linear SVM,PP/PNP-RH,0.379,0.3560606060606061,0.4046610169491525,0.3616664641344827,0.3684210526315789,['O2'],0.5,"{""pca_components"": 3}",
PCA + Bandpower,Linear SVM,PP/PNP-RH,0.486,0.5511363636363636,0.413135593220339,0.46634645930869006,0.5263157894736842,"['CP3', 'Cz']",0.5,"{""pca_components"": 3}",
PCA + Bandpower,Linear SVM,PP/PNP-RH,0.576,0.6496212121212122,0.4936440677966102,0.5578235589672034,0.5263157894736842,"['CP3', 'C1']",0.5,"{""pca_components"": 3}",
PCA + Bandpower,Linear SVM,PP/PNP-RH,0.487,0.5284090909090909,0.4406779661016949,0.46890418336052986,0.47368421052631576,"['CP3', 'C2']",0.5,"{""pca_components"": 3}",
PCA + Bandpower,Linear SVM,PP/PNP-RH,0.606,0.6420454545454546,0.565677966101695,0.5883386006556462,0.5789473684210527,"['CP3', 'C3']",0.5,"{""pca_components"": 3}",
PCA + Bandpower,Linear SVM,PP/PNP-RH,0.624,0.6458333333333334,0.5995762711864406,0.6025003105012586,0.631578947368421,"['CP3', 'C4']",0.5,"{""pca_components"": 3}",
PCA + Bandpower,Linear SVM,PP/PNP-RH,0.582,0.6382575757575758,0.5190677966101694,0.5632376829360596,0.5263157894736842,"['CP3', 'C5']",0.5,"{""pca_components"": 3}",
PCA + Bandpower,Linear SVM,PP/PNP-RH,0.614,0.5965909090909091,0.6334745762711864,0.5919028562701745,0.5789473684210527,"['CP3', 'C6']",0.5,"{""pca_components"": 3}",
PCA + Bandpower,Linear SVM,PP/PNP-RH,0.471,0.5189393939393939,0.4173728813559322,0.4519262915424003,0.47368421052631576,"['CP3', 'FCz']",0.5,"{""pca_components"": 3}",
PCA + Bandpower,Linear SVM,PP/PNP-RH,0.518,0.5492424242424242,0.4830508474576271,0.5030003496691267,0.47368421052631576,"['CP3', 'FC1']",0.5,"{""pca_components"": 3}",
PCA + Bandpower,Linear SVM,PP/PNP-RH,0.46,0.5321969696969697,0.3792372881355932,0.44215265214774147,0.47368421052631576,"['CP3', 'FC2']",0.5,"{""pca_components"": 3}",
PCA + Bandpower,Linear SVM,PP/PNP-RH,0.548,0.5606060606060606,0.5338983050847458,0.5324272685590113,0.47368421052631576,"['CP3', 'FC3']",0.5,"{""pca_components"": 3}",
PCA + Bandpower,Linear SVM,PP/PNP-RH,0.46,0.509469696969697,0.4046610169491525,0.44248013333069364,0.42105263157894735,"['CP3', 'FC4']",0.5,"{""pca_components"": 3}",
PCA + Bandpower,Linear SVM,PP/PNP-RH,0.554,0.5890151515151515,0.5148305084745762,0.5353781704394119,0.47368421052631576,"['CP3', 'FC5']",0.5,"{""pca_components"": 3}",
PCA + Bandpower,Linear SVM,PP/PNP-RH,0.488,0.5227272727272727,0.4491525423728814,0.467803019458943,0.47368421052631576,"['CP3', 'FC6']",0.5,"{""pca_components"": 3}",
PCA + Bandpower,Linear SVM,PP/PNP-RH,0.598,0.6723484848484849,0.5148305084745762,0.5770513766980849,0.5789473684210527,"['CP3', 'CPz']",0.5,"{""pca_components"": 3}",
PCA + Bandpower,Linear SVM,PP/PNP-RH,0.593,0.6571969696969697,0.5211864406779662,0.5738880221089842,0.5789473684210527,"['CP3', 'CP1']",0.5,"{""pca_components"": 3}",
PCA + Bandpower,Linear SVM,PP/PNP-RH,0.568,0.6382575757575758,0.4894067796610169,0.5488415826124511,0.5263157894736842,"['CP3', 'CP2']",0.5,"{""pca_components"": 3}",
PCA + Bandpower,Linear SVM,PP/PNP-RH,0.561,0.6022727272727273,0.5148305084745762,0.54219656745689,0.5263157894736842,"['CP3', 'CP4']",0.5,"{""pca_components"": 3}",
PCA + Bandpower,Linear SVM,PP/PNP-RH,0.457,0.4772727272727273,0.4343220338983051,0.4387551139874441,0.42105263157894735,"['CP3', 'CP5']",0.5,"{""pca_components"": 3}",
PCA + Bandpower,Linear SVM,PP/PNP-RH,0.59,0.5833333333333334,0.597457627118644,0.567871888569264,0.5789473684210527,"['CP3', 'CP6']",0.5,"{""pca_components"": 3}",
PCA + Bandpower,Linear SVM,PP/PNP-RH,0.542,0.5435606060606061,0.5402542372881356,0.5295542976542679,0.47368421052631576,"['CP3', 'Fz']",0.5,"{""pca_components"": 3}",
PCA + Bandpower,Linear SVM,PP/PNP-RH,0.542,0.5170454545454546,0.5699152542372882,0.530375066580207,0.5263157894736842,"['CP3', 'F1']",0.5,"{""pca_components"": 3}",
PCA + Bandpower,Linear SVM,PP/PNP-RH,0.532,0.5852272727272727,0.4724576271186441,0.5172461689744051,0.47368421052631576,"['CP3', 'F2']",0.5,"{""pca_components"": 3}",
PCA + Bandpower,Linear SVM,PP/PNP-RH,0.564,0.5492424242424242,0.5805084745762712,0.5500019658767078,0.5263157894736842,"['CP3', 'F3']",0.5,"{""pca_components"": 3}",
PCA + Bandpower,Linear SVM,PP/PNP-RH,0.427,0.4696969696969697,0.3792372881355932,0.4116806673111077,0.42105263157894735,"['CP3', 'F4']",0.5,"{""pca_components"": 3}",
PCA + Bandpower,Linear SVM,PP/PNP-RH,0.537,0.5984848484848485,0.4682203389830508,0.5194482618524053,0.5263157894736842,"['CP3', 'F7']",0.5,"{""pca_components"": 3}",
PCA + Bandpower,Linear SVM,PP/PNP-RH,0.45,0.48863636363636365,0.4067796610169492,0.43018028111177414,0.47368421052631576,"['CP3', 'F8']",0.5,"{""pca_components"": 3}",
PCA + Bandpower,Linear SVM,PP/PNP-RH,0.608,0.6212121212121212,0.5932203389830508,0.588877707800216,0.5789473684210527,"['CP3', 'Pz']",0.5,"{""pca_components"": 3}",
PCA + Bandpower,Linear SVM,PP/PNP-RH,0.471,0.4943181818181818,0.4449152542372881,0.45266037478047083,0.47368421052631576,"['CP3', 'P1']",0.5,"{""pca_components"": 3}",
PCA + Bandpower,Linear SVM,PP/PNP-RH,0.556,0.6231060606060606,0.4809322033898305,0.5380434768761163,0.5789473684210527,"['CP3', 'P2']",0.5,"{""pca_components"": 3}",
PCA + Bandpower,Linear SVM,PP/PNP-RH,0.427,0.48674242424242425,0.3601694915254237,0.410166731073525,0.3684210526315789,"['CP3', 'P3']",0.5,"{""pca_components"": 3}",
PCA + Bandpower,Linear SVM,PP/PNP-RH,0.505,0.5757575757575758,0.4258474576271186,0.4846410992743618,0.5789473684210527,"['CP3', 'P4']",0.5,"{""pca_components"": 3}",
PCA + Bandpower,Linear SVM,PP/PNP-RH,0.378,0.42234848484848486,0.3283898305084746,0.3623876761549983,0.3684210526315789,"['CP3', 'P5']",0.5,"{""pca_components"": 3}",
PCA + Bandpower,Linear SVM,PP/PNP-RH,0.474,0.5075757575757576,0.4364406779661017,0.4544415156256748,0.47368421052631576,"['CP3', 'P6']",0.5,"{""pca_components"": 3}",
PCA + Bandpower,Linear SVM,PP/PNP-RH,0.319,0.2765151515151515,0.3665254237288136,0.30722499301910183,0.3157894736842105,"['CP3', 'P7']",0.5,"{""pca_components"": 3}",
PCA + Bandpower,Linear SVM,PP/PNP-RH,0.481,0.5075757575757576,0.451271186440678,0.4640975510992731,0.42105263157894735,"['CP3', 'P8']",0.5,"{""pca_components"": 3}",
PCA + Bandpower,Linear SVM,PP/PNP-RH,0.563,0.6022727272727273,0.5190677966101694,0.5475292894955566,0.5789473684210527,"['CP3', 'Fp1']",0.5,"{""pca_components"": 3}",
PCA + Bandpower,Linear SVM,PP/PNP-RH,0.487,0.5018939393939394,0.4703389830508475,0.47472879622842024,0.5263157894736842,"['CP3', 'POz']",0.5,"{""pca_components"": 3}",
PCA + Bandpower,Linear SVM,PP/PNP-RH,0.401,0.44507575757575757,0.3516949152542373,0.38779842942393067,0.42105263157894735,"['CP3', 'PO3']",0.5,"{""pca_components"": 3}",
PCA + Bandpower,Linear SVM,PP/PNP-RH,0.368,0.3768939393939394,0.3580508474576271,0.3513323556034496,0.3684210526315789,"['CP3', 'PO4']",0.5,"{""pca_components"": 3}",
PCA + Bandpower,Linear SVM,PP/PNP-RH,0.409,0.44886363636363635,0.3644067796610169,0.3952990716098221,0.3684210526315789,"['CP3', 'Oz']",0.5,"{""pca_components"": 3}",
PCA + Bandpower,Linear SVM,PP/PNP-RH,0.364,0.39015151515151514,0.3347457627118644,0.35068623816552585,0.3684210526315789,"['CP3', 'O1']",0.5,"{""pca_components"": 3}",
PCA + Bandpower,Linear SVM,PP/PNP-RH,0.347,0.38257575757575757,0.3072033898305085,0.3333137445301085,0.3157894736842105,"['CP3', 'O2']",0.5,"{""pca_components"": 3}",
PCA + Bandpower,Linear SVM,PP/PNP-RH,0.574,0.6439393939393939,0.4957627118644068,0.5538598818869735,0.5263157894736842,"['CP3', 'C4', 'Cz']",0.5,"{""pca_components"": 3}",
PCA + Bandpower,Linear SVM,PP/PNP-RH,0.59,0.6458333333333334,0.527542372881356,0.570639062213887,0.5263157894736842,"['CP3', 'C4', 'C1']",0.5,"{""pca_components"": 3}",
PCA + Bandpower,Linear SVM,PP/PNP-RH,0.591,0.6458333333333334,0.5296610169491526,0.5706505232064659,0.5263157894736842,"['CP3', 'C4', 'C2']",0.5,"{""pca_components"": 3}",
PCA + Bandpower,Linear SVM,PP/PNP-RH,0.612,0.6363636363636364,0.5847457627118644,0.5932301443834276,0.5263157894736842,"['CP3', 'C4', 'C3']",0.5,"{""pca_components"": 3}",
PCA + Bandpower,Linear SVM,PP/PNP-RH,0.592,0.6439393939393939,0.5338983050847458,0.5721552118388681,0.5263157894736842,"['CP3', 'C4', 'C5']",0.5,"{""pca_components"": 3}",
PCA + Bandpower,Linear SVM,PP/PNP-RH,0.617,0.6022727272727273,0.6334745762711864,0.5939708150731914,0.631578947368421,"['CP3', 'C4', 'C6']",0.5,"{""pca_components"": 3}",
PCA + Bandpower,Linear SVM,PP/PNP-RH,0.532,0.5965909090909091,0.4597457627118644,0.5137150694209697,0.5263157894736842,"['CP3', 'C4', 'FCz']",0.5,"{""pca_components"": 3}",
PCA + Bandpower,Linear SVM,PP/PNP-RH,0.531,0.5643939393939394,0.4936440677966102,0.5149918021447452,0.47368421052631576,"['CP3', 'C4', 'FC1']",0.5,"{""pca_components"": 3}",
PCA + Bandpower,Linear SVM,PP/PNP-RH,0.484,0.5511363636363636,0.4088983050847458,0.46531966104789574,0.47368421052631576,"['CP3', 'C4', 'FC2']",0.5,"{""pca_components"": 3}",
PCA + Bandpower,Linear SVM,PP/PNP-RH,0.565,0.571969696969697,0.5572033898305084,0.5483633720475523,0.47368421052631576,"['CP3', 'C4', 'FC3']",0.5,"{""pca_components"": 3}",
PCA + Bandpower,Linear SVM,PP/PNP-RH,0.473,0.5321969696969697,0.4067796610169492,0.45492222115268044,0.47368421052631576,"['CP3', 'C4', 'FC4']",0.5,"{""pca_components"": 3}",
PCA + Bandpower,Linear SVM,PP/PNP-RH,0.566,0.5909090909090909,0.538135593220339,0.5467294971358944,0.5263157894736842,"['CP3', 'C4', 'FC5']",0.5,"{""pca_components"": 3}",
PCA + Bandpower,Linear SVM,PP/PNP-RH,0.605,0.6382575757575758,0.5677966101694916,0.5823323969940954,0.631578947368421,"['CP3', 'C4', 'FC6']",0.5,"{""pca_components"": 3}",
PCA + Bandpower,Linear SVM,PP/PNP-RH,0.611,0.6666666666666666,0.548728813559322,0.5892812462286178,0.631578947368421,"['CP3', 'C4', 'CPz']",0.5,"{""pca_components"": 3}",
PCA + Bandpower,Linear SVM,PP/PNP-RH,0.607,0.6628787878787878,0.5444915254237288,0.585932008963454,0.5789473684210527,"['CP3', 'C4', 'CP1']",0.5,"{""pca_components"": 3}",
PCA + Bandpower,Linear SVM,PP/PNP-RH,0.586,0.6458333333333334,0.5190677966101694,0.5657348681717053,0.5263157894736842,"['CP3', 'C4', 'CP2']",0.5,"{""pca_components"": 3}",
PCA + Bandpower,Linear SVM,PP/PNP-RH,0.574,0.6079545454545454,0.5360169491525424,0.5544699635332648,0.5263157894736842,"['CP3', 'C4', 'CP4']",0.5,"{""pca_components"": 3}",
PCA + Bandpower,Linear SVM,PP/PNP-RH,0.563,0.625,0.4936440677966102,0.5429518396837708,0.5263157894736842,"['CP3', 'C4', 'CP5']",0.5,"{""pca_components"": 3}",
PCA + Bandpower,Linear SVM,PP/PNP-RH,0.602,0.5965909090909091,0.6080508474576272,0.5791785879623967,0.631578947368421,"['CP3', 'C4', 'CP6']",0.5,"{""pca_components"": 3}",
PCA + Bandpower,Linear SVM,PP/PNP-RH,0.545,0.5511363636363636,0.538135593220339,0.5311046691754283,0.5263157894736842,"['CP3', 'C4', 'Fz']",0.5,"{""pca_components"": 3}",
PCA + Bandpower,Linear SVM,PP/PNP-RH,0.544,0.5284090909090909,0.5614406779661016,0.5309582190030327,0.5263157894736842,"['CP3', 'C4', 'F1']",0.5,"{""pca_components"": 3}",
PCA + Bandpower,Linear SVM,PP/PNP-RH,0.553,0.5984848484848485,0.5021186440677966,0.5375344665918944,0.47368421052631576,"['CP3', 'C4', 'F2']",0.5,"{""pca_components"": 3}",
PCA + Bandpower,Linear SVM,PP/PNP-RH,0.575,0.5549242424242424,0.597457627118644,0.5597360004911043,0.5263157894736842,"['CP3', 'C4', 'F3']",0.5,"{""pca_components"": 3}",
PCA + Bandpower,Linear SVM,PP/PNP-RH,0.439,0.48484848484848486,0.3877118644067797,0.42333494607411465,0.42105263157894735,"['CP3', 'C4', 'F4']",0.5,"{""pca_components"": 3}",
PCA + Bandpower,Linear SVM,PP/PNP-RH,0.546,0.5984848484848485,0.4872881355932203,0.5282761742350935,0.47368421052631576,"['CP3', 'C4', 'F7']",0.5,"{""pca_components"": 3}",
PCA + Bandpower,Linear SVM,PP/PNP-RH,0.459,0.5056818181818182,0.4067796610169492,0.43884200516483124,0.47368421052631576,"['CP3', 'C4', 'F8']",0.5,"{""pca_components"": 3}",
PCA + Bandpower,Linear SVM,PP/PNP-RH,0.613,0.6306818181818182,0.5932203389830508,0.5933589742470202,0.5789473684210527,"['CP3', 'C4', 'Pz']",0.5,"{""pca_components"": 3}",
PCA + Bandpower,Linear SVM,PP/PNP-RH,0.474,0.4981060606060606,0.4470338983050847,0.45532866295919755,0.47368421052631576,"['CP3', 'C4', 'P1']",0.5,"{""pca_components"": 3}",
PCA + Bandpower,Linear SVM,PP/PNP-RH,0.563,0.6287878787878788,0.4894067796610169,0.5447206012038021,0.5789473684210527,"['CP3', 'C4', 'P2']",0.5,"{""pca_components"": 3}",
PCA + Bandpower,Linear SVM,PP/PNP-RH,0.435,0.4943181818181818,0.3686440677966102,0.4181812919290319,0.42105263157894735,"['CP3', 'C4', 'P3']",0.5,"{""pca_components"": 3}",
PCA + Bandpower,Linear SVM,PP/PNP-RH,0.514,0.5776515151515151,0.4427966101694915,0.49359997769659525,0.5263157894736842,"['CP3', 'C4', 'P4']",0.5,"{""pca_components"": 3}",
PCA + Bandpower,Linear SVM,PP/PNP-RH,0.387,0.42803030303030304,0.3411016949152542,0.3710318758994732,0.42105263157894735,"['CP3', 'C4', 'P5']",0.5,"{""pca_components"": 3}",
PCA + Bandpower,Linear SVM,PP/PNP-RH,0.48,0.5132575757575758,0.4427966101694915,0.46044682380087226,0.47368421052631576,"['CP3', 'C4', 'P6']",0.5,"{""pca_components"": 3}",
PCA + Bandpower,Linear SVM,PP/PNP-RH,0.391,0.3996212121212121,0.3813559322033898,0.37546345609989557,0.42105263157894735,"['CP3', 'C4', 'P7']",0.5,"{""pca_components"": 3}",
PCA + Bandpower,Linear SVM,PP/PNP-RH,0.491,0.5151515151515151,0.4639830508474576,0.4743625587905322,0.47368421052631576,"['CP3', 'C4', 'P8']",0.5,"{""pca_components"": 3}",
PCA + Bandpower,Linear SVM,PP/PNP-RH,0.587,0.6136363636363636,0.5572033898305084,0.5700002884673318,0.5789473684210527,"['CP3', 'C4', 'Fp1']",0.5,"{""pca_components"": 3}",
PCA + Bandpower,Linear SVM,PP/PNP-RH,0.487,0.5037878787878788,0.4682203389830508,0.4744770909249894,0.5263157894736842,"['CP3', 'C4', 'POz']",0.5,"{""pca_components"": 3}",
PCA + Bandpower,Linear SVM,PP/PNP-RH,0.406,0.44886363636363635,0.3580508474576271,0.3927558258372315,0.42105263157894735,"['CP3', 'C4', 'PO3']",0.5,"{""pca_components"": 3}",
PCA + Bandpower,Linear SVM,PP/PNP-RH,0.381,0.39015151515151514,0.3707627118644068,0.363862061674208,0.3684210526315789,"['CP3', 'C4', 'PO4']",0.5,"{""pca_components"": 3}",
PCA + Bandpower,Linear SVM,PP/PNP-RH,0.411,0.45075757575757575,0.3665254237288136,0.39723850437022207,0.3684210526315789,"['CP3', 'C4', 'Oz']",0.5,"{""pca_components"": 3}",
PCA + Bandpower,Linear SVM,PP/PNP-RH,0.366,0.39204545454545453,0.336864406779661,0.3523723893150321,0.3684210526315789,"['CP3', 'C4', 'O1']",0.5,"{""pca_components"": 3}",
PCA + Bandpower,Linear SVM,PP/PNP-RH,0.363,0.3958333333333333,0.326271186440678,0.34916699400571877,0.3684210526315789,"['CP3', 'C4', 'O2']",0.5,"{""pca_components"": 3}",
PCA + Bandpower,Linear SVM,PP/PNP-RH,0.448,0.5643939393939394,0.3177966101694915,0.43948354228966263,0.47368421052631576,['Cz'],0.52,"{""pca_components"": 3}",
PCA + Bandpower,Linear SVM,PP/PNP-RH,0.56,0.7291666666666666,0.3707627118644068,0.5569206127170557,0.5789473684210527,['C1'],0.52,"{""pca_components"": 3}",
PCA + Bandpower,Linear SVM,PP/PNP-RH,0.458,0.6666666666666666,0.2245762711864407,0.4459045062387295,0.47368421052631576,['C2'],0.52,"{""pca_components"": 3}",
PCA + Bandpower,Linear SVM,PP/PNP-RH,0.591,0.6761363636363636,0.4957627118644068,0.5762077573787973,0.5789473684210527,['C3'],0.52,"{""pca_components"": 3}",
PCA + Bandpower,Linear SVM,PP/PNP-RH,0.577,0.5416666666666666,0.6165254237288136,0.5704114371230563,0.5789473684210527,['C4'],0.52,"{""pca_components"": 3}",
PCA + Bandpower,Linear SVM,PP/PNP-RH,0.526,0.6496212121212122,0.3877118644067797,0.5068703198444553,0.47368421052631576,['C5'],0.52,"{""pca_components"": 3}",
PCA + Bandpower,Linear SVM,PP/PNP-RH,0.643,0.6893939393939394,0.5911016949152542,0.6205755584369375,0.631578947368421,['C6'],0.52,"{""pca_components"": 3}",
PCA + Bandpower,Linear SVM,PP/PNP-RH,0.472,0.5871212121212122,0.3432203389830508,0.47271836141574586,0.47368421052631576,['FCz'],0.52,"{""pca_components"": 3}",
PCA + Bandpower,Linear SVM,PP/PNP-RH,0.519,0.5170454545454546,0.5211864406779662,0.5248566154899157,0.5789473684210527,['FC1'],0.52,"{""pca_components"": 3}",
PCA + Bandpower,Linear SVM,PP/PNP-RH,0.393,0.30303030303030304,0.4936440677966102,0.38960355879887176,0.3684210526315789,['FC2'],0.52,"{""pca_components"": 3}",
PCA + Bandpower,Linear SVM,PP/PNP-RH,0.53,0.4943181818181818,0.5699152542372882,0.5388192177724803,0.5263157894736842,['FC3'],0.52,"{""pca_components"": 3}",
PCA + Bandpower,Linear SVM,PP/PNP-RH,0.407,0.44886363636363635,0.3601694915254237,0.4027198545345429,0.3684210526315789,['FC4'],0.52,"{""pca_components"": 3}",
PCA + Bandpower,Linear SVM,PP/PNP-RH,0.508,0.5132575757575758,0.5021186440677966,0.49314364659191673,0.5263157894736842,['FC5'],0.52,"{""pca_components"": 3}",
PCA + Bandpower,Linear SVM,PP/PNP-RH,0.578,0.8181818181818182,0.3093220338983051,0.5816961984934973,0.5789473684210527,['FC6'],0.52,"{""pca_components"": 3}",
PCA + Bandpower,Linear SVM,PP/PNP-RH,0.639,0.7670454545454546,0.4957627118644068,0.6322041147456572,0.6842105263157895,['CPz'],0.52,"{""pca_components"": 3}",
PCA + Bandpower,Linear SVM,PP/PNP-RH,0.599,0.7935606060606061,0.3813559322033898,0.5893643349918697,0.631578947368421,['CP1'],0.52,"{""pca_components"": 3}",
PCA + Bandpower,Linear SVM,PP/PNP-RH,0.56,0.6837121212121212,0.4216101694915254,0.5527594747917156,0.5789473684210527,['CP2'],0.52,"{""pca_components"": 3}",
PCA + Bandpower,Linear SVM,PP/PNP-RH,0.577,0.7424242424242424,0.3919491525423729,0.5657989297777387,0.5789473684210527,['CP3'],0.52,"{""pca_components"": 3}",
PCA + Bandpower,Linear SVM,PP/PNP-RH,0.598,0.6628787878787878,0.5254237288135594,0.5984376808416453,0.5789473684210527,['CP4'],0.52,"{""pca_components"": 3}",
PCA + Bandpower,Linear SVM,PP/PNP-RH,0.48,0.6931818181818182,0.24152542372881355,0.4688096138220108,0.47368421052631576,['CP5'],0.52,"{""pca_components"": 3}",
PCA + Bandpower,Linear SVM,PP/PNP-RH,0.567,0.5378787878787878,0.5995762711864406,0.5475348858839215,0.47368421052631576,['CP6'],0.52,"{""pca_components"": 3}",
PCA + Bandpower,Linear SVM,PP/PNP-RH,0.48,0.5625,0.3877118644067797,0.4910239817011415,0.5263157894736842,['Fz'],0.52,"{""pca_components"": 3}",
PCA + Bandpower,Linear SVM,PP/PNP-RH,0.493,0.5340909090909091,0.4470338983050847,0.505436281215157,0.42105263157894735,['F1'],0.52,"{""pca_components"": 3}",
PCA + Bandpower,Linear SVM,PP/PNP-RH,0.48,0.5738636363636364,0.375,0.48367935944882295,0.47368421052631576,['F2'],0.52,"{""pca_components"": 3}",
PCA + Bandpower,Linear SVM,PP/PNP-RH,0.577,0.5397727272727273,0.6186440677966102,0.5849689043672724,0.5263157894736842,['F3'],0.52,"{""pca_components"": 3}",
PCA + Bandpower,Linear SVM,PP/PNP-RH,0.485,0.5909090909090909,0.3665254237288136,0.49039605596028,0.42105263157894735,['F4'],0.52,"{""pca_components"": 3}",
PCA + Bandpower,Linear SVM,PP/PNP-RH,0.524,0.5776515151515151,0.4639830508474576,0.5114378965097826,0.5263157894736842,['F7'],0.52,"{""pca_components"": 3}",
PCA + Bandpower,Linear SVM,PP/PNP-RH,0.503,0.44886363636363635,0.5635593220338984,0.5196730386783674,0.47368421052631576,['F8'],0.52,"{""pca_components"": 3}",
PCA + Bandpower,Linear SVM,PP/PNP-RH,0.66,0.7215909090909091,0.5911016949152542,0.6576622201421936,0.631578947368421,['Pz'],0.52,"{""pca_components"": 3}",
PCA + Bandpower,Linear SVM,PP/PNP-RH,0.545,0.740530303030303,0.326271186440678,0.5358293299360894,0.5789473684210527,['P1'],0.52,"{""pca_components"": 3}",
PCA + Bandpower,Linear SVM,PP/PNP-RH,0.558,0.634469696969697,0.4724576271186441,0.5566719409650053,0.5263157894736842,['P2'],0.52,"{""pca_components"": 3}",
PCA + Bandpower,Linear SVM,PP/PNP-RH,0.374,0.4015151515151515,0.3432203389830508,0.3698996678186058,0.3157894736842105,['P3'],0.52,"{""pca_components"": 3}",
PCA + Bandpower,Linear SVM,PP/PNP-RH,0.454,0.5871212121212122,0.3050847457627119,0.45990592098891936,0.47368421052631576,['P4'],0.52,"{""pca_components"": 3}",
PCA + Bandpower,Linear SVM,PP/PNP-RH,0.315,0.19507575757575757,0.4491525423728814,0.30854025175755223,0.3157894736842105,['P5'],0.52,"{""pca_components"": 3}",
PCA + Bandpower,Linear SVM,PP/PNP-RH,0.463,0.5909090909090909,0.3199152542372881,0.4707039358693507,0.47368421052631576,['P6'],0.52,"{""pca_components"": 3}",
PCA + Bandpower,Linear SVM,PP/PNP-RH,0.452,0.13825757575757575,0.8029661016949152,0.45665970495272934,0.47368421052631576,['P7'],0.52,"{""pca_components"": 3}",
PCA + Bandpower,Linear SVM,PP/PNP-RH,0.579,0.5606060606060606,0.5995762711864406,0.5943249930852696,0.631578947368421,['P8'],0.52,"{""pca_components"": 3}",
PCA + Bandpower,Linear SVM,PP/PNP-RH,0.581,0.6174242424242424,0.5402542372881356,0.5810577271901285,0.5789473684210527,['Fp1'],0.52,"{""pca_components"": 3}",
PCA + Bandpower,Linear SVM,PP/PNP-RH,0.545,0.5662878787878788,0.5211864406779662,0.5524681328128694,0.42105263157894735,['POz'],0.52,"{""pca_components"": 3}",
PCA + Bandpower,Linear SVM,PP/PNP-RH,0.362,0.30113636363636365,0.4300847457627119,0.384513282739173,0.42105263157894735,['PO3'],0.52,"{""pca_components"": 3}",
PCA + Bandpower,Linear SVM,PP/PNP-RH,0.35,0.29734848484848486,0.4088983050847458,0.3660662789103492,0.3684210526315789,['PO4'],0.52,"{""pca_components"": 3}",
PCA + Bandpower,Linear SVM,PP/PNP-RH,0.446,0.4147727272727273,0.4809322033898305,0.458176046701944,0.42105263157894735,['Oz'],0.52,"{""pca_components"": 3}",
PCA + Bandpower,Linear SVM,PP/PNP-RH,0.287,0.24053030303030304,0.3389830508474576,0.3056823752342493,0.2631578947368421,['O1'],0.52,"{""pca_components"": 3}",
PCA + Bandpower,Linear SVM,PP/PNP-RH,0.493,0.5435606060606061,0.4364406779661017,0.5130359503381171,0.5263157894736842,['O2'],0.52,"{""pca_components"": 3}",
PCA + Bandpower,Linear SVM,PP/PNP-RH,0.646,0.7196969696969697,0.5635593220338984,0.6444276674532387,0.631578947368421,"['Pz', 'Cz']",0.52,"{""pca_components"": 3}",
PCA + Bandpower,Linear SVM,PP/PNP-RH,0.656,0.7234848484848485,0.5805084745762712,0.6539038988666178,0.631578947368421,"['Pz', 'C1']",0.52,"{""pca_components"": 3}",
PCA + Bandpower,Linear SVM,PP/PNP-RH,0.652,0.7215909090909091,0.5741525423728814,0.64990344025236,0.631578947368421,"['Pz', 'C2']",0.52,"{""pca_components"": 3}",
PCA + Bandpower,Linear SVM,PP/PNP-RH,0.64,0.6893939393939394,0.5847457627118644,0.6229796119074283,0.5789473684210527,"['Pz', 'C3']",0.52,"{""pca_components"": 3}",
PCA + Bandpower,Linear SVM,PP/PNP-RH,0.634,0.6875,0.5741525423728814,0.6187579949694614,0.5789473684210527,"['Pz', 'C4']",0.52,"{""pca_components"": 3}",
PCA + Bandpower,Linear SVM,PP/PNP-RH,0.626,0.6799242424242424,0.565677966101695,0.608582525993072,0.5789473684210527,"['Pz', 'C5']",0.52,"{""pca_components"": 3}",
PCA + Bandpower,Linear SVM,PP/PNP-RH,0.662,0.7348484848484849,0.5805084745762712,0.6615037657784145,0.631578947368421,"['Pz', 'C6']",0.52,"{""pca_components"": 3}",
PCA + Bandpower,Linear SVM,PP/PNP-RH,0.612,0.6988636363636364,0.5148305084745762,0.6116298106040766,0.5789473684210527,"['Pz', 'FCz']",0.52,"{""pca_components"": 3}",
PCA + Bandpower,Linear SVM,PP/PNP-RH,0.622,0.6856060606060606,0.5508474576271186,0.6222557811008529,0.631578947368421,"['Pz', 'FC1']",0.52,"{""pca_components"": 3}",
PCA + Bandpower,Linear SVM,PP/PNP-RH,0.627,0.7140151515151515,0.5296610169491526,0.6231032296328396,0.631578947368421,"['Pz', 'FC2']",0.52,"{""pca_components"": 3}",
PCA + Bandpower,Linear SVM,PP/PNP-RH,0.641,0.6988636363636364,0.576271186440678,0.6424253807570058,0.631578947368421,"['Pz', 'FC3']",0.52,"{""pca_components"": 3}",
PCA + Bandpower,Linear SVM,PP/PNP-RH,0.646,0.7329545454545454,0.548728813559322,0.6423357617550938,0.631578947368421,"['Pz', 'FC4']",0.52,"{""pca_components"": 3}",
PCA + Bandpower,Linear SVM,PP/PNP-RH,0.613,0.6553030303030303,0.565677966101695,0.5970507889736203,0.5789473684210527,"['Pz', 'FC5']",0.52,"{""pca_components"": 3}",
PCA + Bandpower,Linear SVM,PP/PNP-RH,0.657,0.7424242424242424,0.5614406779661016,0.655451013916849,0.631578947368421,"['Pz', 'FC6']",0.52,"{""pca_components"": 3}",
PCA + Bandpower,Linear SVM,PP/PNP-RH,0.639,0.696969696969697,0.5741525423728814,0.625944434264241,0.5789473684210527,"['Pz', 'CPz']",0.52,"{""pca_components"": 3}",
PCA + Bandpower,Linear SVM,PP/PNP-RH,0.651,0.7178030303030303,0.576271186440678,0.6465950631319283,0.631578947368421,"['Pz', 'CP1']",0.52,"{""pca_components"": 3}",
PCA + Bandpower,Linear SVM,PP/PNP-RH,0.645,0.7140151515151515,0.5677966101694916,0.6407526022663926,0.631578947368421,"['Pz', 'CP2']",0.52,"{""pca_components"": 3}",
PCA + Bandpower,Linear SVM,PP/PNP-RH,0.639,0.7026515151515151,0.5677966101694916,0.6223910584897533,0.5789473684210527,"['Pz', 'CP3']",0.52,"{""pca_components"": 3}",
PCA + Bandpower,Linear SVM,PP/PNP-RH,0.653,0.7329545454545454,0.5635593220338984,0.6512694008634433,0.631578947368421,"['Pz', 'CP4']",0.52,"{""pca_components"": 3}",
PCA + Bandpower,Linear SVM,PP/PNP-RH,0.625,0.6988636363636364,0.5423728813559322,0.6095288569029909,0.5789473684210527,"['Pz', 'CP5']",0.52,"{""pca_components"": 3}",
PCA + Bandpower,Linear SVM,PP/PNP-RH,0.651,0.7159090909090909,0.5783898305084746,0.6504148271318043,0.631578947368421,"['Pz', 'CP6']",0.52,"{""pca_components"": 3}",
PCA + Bandpower,Linear SVM,PP/PNP-RH,0.609,0.6628787878787878,0.548728813559322,0.6101866744645082,0.631578947368421,"['Pz', 'Fz']",0.52,"{""pca_components"": 3}",
PCA + Bandpower,Linear SVM,PP/PNP-RH,0.612,0.6534090909090909,0.565677966101695,0.6148819632571825,0.631578947368421,"['Pz', 'F1']",0.52,"{""pca_components"": 3}",
PCA + Bandpower,Linear SVM,PP/PNP-RH,0.617,0.6912878787878788,0.5338983050847458,0.6136571809515193,0.631578947368421,"['Pz', 'F2']",0.52,"{""pca_components"": 3}",
PCA + Bandpower,Linear SVM,PP/PNP-RH,0.626,0.6723484848484849,0.5741525423728814,0.6293489283319281,0.631578947368421,"['Pz', 'F3']",0.52,"{""pca_components"": 3}",
PCA + Bandpower,Linear SVM,PP/PNP-RH,0.62,0.7007575757575758,0.5296610169491526,0.6151730677785939,0.631578947368421,"['Pz', 'F4']",0.52,"{""pca_components"": 3}",
PCA + Bandpower,Linear SVM,PP/PNP-RH,0.624,0.6950757575757576,0.5444915254237288,0.6238700626014505,0.631578947368421,"['Pz', 'F7']",0.52,"{""pca_components"": 3}",
PCA + Bandpower,Linear SVM,PP/PNP-RH,0.634,0.7291666666666666,0.527542372881356,0.6314277225165145,0.631578947368421,"['Pz', 'F8']",0.52,"{""pca_components"": 3}",
PCA + Bandpower,Linear SVM,PP/PNP-RH,0.636,0.7253787878787878,0.5360169491525424,0.6268331317056475,0.5789473684210527,"['Pz', 'P1']",0.52,"{""pca_components"": 3}",
PCA + Bandpower,Linear SVM,PP/PNP-RH,0.616,0.6875,0.5360169491525424,0.6137665358193752,0.631578947368421,"['Pz', 'P2']",0.52,"{""pca_components"": 3}",
PCA + Bandpower,Linear SVM,PP/PNP-RH,0.543,0.7102272727272727,0.3559322033898305,0.5395495568280183,0.47368421052631576,"['Pz', 'P3']",0.52,"{""pca_components"": 3}",
PCA + Bandpower,Linear SVM,PP/PNP-RH,0.573,0.6609848484848485,0.4745762711864407,0.5732257015909744,0.5263157894736842,"['Pz', 'P4']",0.52,"{""pca_components"": 3}",
PCA + Bandpower,Linear SVM,PP/PNP-RH,0.499,0.6666666666666666,0.3114406779661017,0.49547177617879423,0.47368421052631576,"['Pz', 'P5']",0.52,"{""pca_components"": 3}",
PCA + Bandpower,Linear SVM,PP/PNP-RH,0.552,0.6231060606060606,0.4724576271186441,0.5536108962357308,0.5263157894736842,"['Pz', 'P6']",0.52,"{""pca_components"": 3}",
PCA + Bandpower,Linear SVM,PP/PNP-RH,0.58,0.6666666666666666,0.4830508474576271,0.578529086073515,0.5789473684210527,"['Pz', 'P7']",0.52,"{""pca_components"": 3}",
PCA + Bandpower,Linear SVM,PP/PNP-RH,0.575,0.6287878787878788,0.5148305084745762,0.5771058572028127,0.5789473684210527,"['Pz', 'P8']",0.52,"{""pca_components"": 3}",
PCA + Bandpower,Linear SVM,PP/PNP-RH,0.621,0.6837121212121212,0.5508474576271186,0.6197072904975106,0.631578947368421,"['Pz', 'Fp1']",0.52,"{""pca_components"": 3}",
PCA + Bandpower,Linear SVM,PP/PNP-RH,0.58,0.6325757575757576,0.5211864406779662,0.5860190428056893,0.5789473684210527,"['Pz', 'POz']",0.52,"{""pca_components"": 3}",
PCA + Bandpower,Linear SVM,PP/PNP-RH,0.502,0.6401515151515151,0.3474576271186441,0.5101245531579042,0.5263157894736842,"['Pz', 'PO3']",0.52,"{""pca_components"": 3}",
PCA + Bandpower,Linear SVM,PP/PNP-RH,0.531,0.6098484848484849,0.4427966101694915,0.5357738905672339,0.5263157894736842,"['Pz', 'PO4']",0.52,"{""pca_components"": 3}",
PCA + Bandpower,Linear SVM,PP/PNP-RH,0.579,0.6231060606060606,0.5296610169491526,0.5838670386709705,0.5263157894736842,"['Pz', 'Oz']",0.52,"{""pca_components"": 3}",
PCA + Bandpower,Linear SVM,PP/PNP-RH,0.503,0.5776515151515151,0.4194915254237288,0.513428787404456,0.47368421052631576,"['Pz', 'O1']",0.52,"{""pca_components"": 3}",
PCA + Bandpower,Linear SVM,PP/PNP-RH,0.565,0.6363636363636364,0.4851694915254237,0.5682603884823753,0.5263157894736842,"['Pz', 'O2']",0.52,"{""pca_components"": 3}",
PCA + Bandpower,Linear SVM,PP/PNP-RH,0.652,0.7310606060606061,0.5635593220338984,0.6518795836785293,0.631578947368421,"['Pz', 'C6', 'Cz']",0.52,"{""pca_components"": 3}",
PCA + Bandpower,Linear SVM,PP/PNP-RH,0.658,0.7348484848484849,0.5720338983050848,0.6578411382827433,0.631578947368421,"['Pz', 'C6', 'C1']",0.52,"{""pca_components"": 3}",
PCA + Bandpower,Linear SVM,PP/PNP-RH,0.657,0.7367424242424242,0.5677966101694916,0.6562367831306549,0.631578947368421,"['Pz', 'C6', 'C2']",0.52,"{""pca_components"": 3}",
PCA + Bandpower,Linear SVM,PP/PNP-RH,0.64,0.696969696969697,0.576271186440678,0.6224984454261999,0.631578947368421,"['Pz', 'C6', 'C3']",0.52,"{""pca_components"": 3}",
PCA + Bandpower,Linear SVM,PP/PNP-RH,0.636,0.6912878787878788,0.5741525423728814,0.6185002632027813,0.5789473684210527,"['Pz', 'C6', 'C4']",0.52,"{""pca_components"": 3}",
PCA + Bandpower,Linear SVM,PP/PNP-RH,0.632,0.6931818181818182,0.5635593220338984,0.6142604028197283,0.5789473684210527,"['Pz', 'C6', 'C5']",0.52,"{""pca_components"": 3}",
PCA + Bandpower,Linear SVM,PP/PNP-RH,0.619,0.7026515151515151,0.5254237288135594,0.6197386772196971,0.631578947368421,"['Pz', 'C6', 'FCz']",0.52,"{""pca_components"": 3}",
PCA + Bandpower,Linear SVM,PP/PNP-RH,0.629,0.6988636363636364,0.5508474576271186,0.6313214813528872,0.631578947368421,"['Pz', 'C6', 'FC1']",0.52,"{""pca_components"": 3}",
PCA + Bandpower,Linear SVM,PP/PNP-RH,0.638,0.7291666666666666,0.5360169491525424,0.6361695246735071,0.631578947368421,"['Pz', 'C6', 'FC2']",0.52,"{""pca_components"": 3}",
PCA + Bandpower,Linear SVM,PP/PNP-RH,0.648,0.7159090909090909,0.5720338983050848,0.648590521962477,0.631578947368421,"['Pz', 'C6', 'FC3']",0.52,"{""pca_components"": 3}",
PCA + Bandpower,Linear SVM,PP/PNP-RH,0.653,0.7481060606060606,0.5466101694915254,0.651837883203887,0.6842105263157895,"['Pz', 'C6', 'FC4']",0.52,"{""pca_components"": 3}",
PCA + Bandpower,Linear SVM,PP/PNP-RH,0.622,0.6685606060606061,0.5699152542372882,0.6057059939382229,0.5789473684210527,"['Pz', 'C6', 'FC5']",0.52,"{""pca_components"": 3}",
PCA + Bandpower,Linear SVM,PP/PNP-RH,0.666,0.75,0.5720338983050848,0.6650472995354076,0.6842105263157895,"['Pz', 'C6', 'FC6']",0.52,"{""pca_components"": 3}",
PCA + Bandpower,Linear SVM,PP/PNP-RH,0.632,0.6912878787878788,0.565677966101695,0.615053484939105,0.5789473684210527,"['Pz', 'C6', 'CPz']",0.52,"{""pca_components"": 3}",
PCA + Bandpower,Linear SVM,PP/PNP-RH,0.661,0.7386363636363636,0.5741525423728814,0.6597735119625098,0.631578947368421,"['Pz', 'C6', 'CP1']",0.52,"{""pca_components"": 3}",
PCA + Bandpower,Linear SVM,PP/PNP-RH,0.63,0.6893939393939394,0.5635593220338984,0.6131736698389509,0.5789473684210527,"['Pz', 'C6', 'CP2']",0.52,"{""pca_components"": 3}",
PCA + Bandpower,Linear SVM,PP/PNP-RH,0.637,0.7007575757575758,0.565677966101695,0.6193358308723069,0.631578947368421,"['Pz', 'C6', 'CP3']",0.52,"{""pca_components"": 3}",
PCA + Bandpower,Linear SVM,PP/PNP-RH,0.656,0.740530303030303,0.5614406779661016,0.65536314184314,0.631578947368421,"['Pz', 'C6', 'CP4']",0.52,"{""pca_components"": 3}",
PCA + Bandpower,Linear SVM,PP/PNP-RH,0.623,0.696969696969697,0.5402542372881356,0.6048962097622936,0.631578947368421,"['Pz', 'C6', 'CP5']",0.52,"{""pca_components"": 3}",
PCA + Bandpower,Linear SVM,PP/PNP-RH,0.63,0.6799242424242424,0.5741525423728814,0.6120711832146002,0.5789473684210527,"['Pz', 'C6', 'CP6']",0.52,"{""pca_components"": 3}",
PCA + Bandpower,Linear SVM,PP/PNP-RH,0.613,0.6742424242424242,0.5444915254237288,0.6148408366170702,0.631578947368421,"['Pz', 'C6', 'Fz']",0.52,"{""pca_components"": 3}",
PCA + Bandpower,Linear SVM,PP/PNP-RH,0.614,0.6685606060606061,0.5529661016949152,0.6170773620246526,0.631578947368421,"['Pz', 'C6', 'F1']",0.52,"{""pca_components"": 3}",
PCA + Bandpower,Linear SVM,PP/PNP-RH,0.625,0.7026515151515151,0.538135593220339,0.6239533928896938,0.631578947368421,"['Pz', 'C6', 'F2']",0.52,"{""pca_components"": 3}",
PCA + Bandpower,Linear SVM,PP/PNP-RH,0.632,0.6837121212121212,0.5741525423728814,0.6344140571448273,0.631578947368421,"['Pz', 'C6', 'F3']",0.52,"{""pca_components"": 3}",
PCA + Bandpower,Linear SVM,PP/PNP-RH,0.633,0.7178030303030303,0.538135593220339,0.6310004179491852,0.631578947368421,"['Pz', 'C6', 'F4']",0.52,"{""pca_components"": 3}",
PCA + Bandpower,Linear SVM,PP/PNP-RH,0.603,0.6553030303030303,0.5444915254237288,0.5872291181700643,0.5789473684210527,"['Pz', 'C6', 'F7']",0.52,"{""pca_components"": 3}",
PCA + Bandpower,Linear SVM,PP/PNP-RH,0.644,0.7518939393939394,0.5233050847457628,0.6431375429555017,0.631578947368421,"['Pz', 'C6', 'F8']",0.52,"{""pca_components"": 3}",
PCA + Bandpower,Linear SVM,PP/PNP-RH,0.644,0.7386363636363636,0.538135593220339,0.6370229893247595,0.6842105263157895,"['Pz', 'C6', 'P1']",0.52,"{""pca_components"": 3}",
PCA + Bandpower,Linear SVM,PP/PNP-RH,0.625,0.7045454545454546,0.5360169491525424,0.6243858168906189,0.631578947368421,"['Pz', 'C6', 'P2']",0.52,"{""pca_components"": 3}",
PCA + Bandpower,Linear SVM,PP/PNP-RH,0.549,0.7159090909090909,0.3622881355932203,0.544933711509478,0.47368421052631576,"['Pz', 'C6', 'P3']",0.52,"{""pca_components"": 3}",
PCA + Bandpower,Linear SVM,PP/PNP-RH,0.578,0.6666666666666666,0.4788135593220339,0.578169969791526,0.5263157894736842,"['Pz', 'C6', 'P4']",0.52,"{""pca_components"": 3}",
PCA + Bandpower,Linear SVM,PP/PNP-RH,0.51,0.6856060606060606,0.3135593220338983,0.5084815995605243,0.47368421052631576,"['Pz', 'C6', 'P5']",0.52,"{""pca_components"": 3}",
PCA + Bandpower,Linear SVM,PP/PNP-RH,0.557,0.6306818181818182,0.4745762711864407,0.5586660715370232,0.5263157894736842,"['Pz', 'C6', 'P6']",0.52,"{""pca_components"": 3}",
PCA + Bandpower,Linear SVM,PP/PNP-RH,0.591,0.6837121212121212,0.4872881355932203,0.5913650211364478,0.5789473684210527,"['Pz', 'C6', 'P7']",0.52,"{""pca_components"": 3}",
PCA + Bandpower,Linear SVM,PP/PNP-RH,0.577,0.6325757575757576,0.5148305084745762,0.5791049635520267,0.5789473684210527,"['Pz', 'C6', 'P8']",0.52,"{""pca_components"": 3}",
PCA + Bandpower,Linear SVM,PP/PNP-RH,0.631,0.7007575757575758,0.5529661016949152,0.6320067810966,0.631578947368421,"['Pz', 'C6', 'Fp1']",0.52,"{""pca_components"": 3}",
PCA + Bandpower,Linear SVM,PP/PNP-RH,0.583,0.6363636363636364,0.5233050847457628,0.5885236898349511,0.5789473684210527,"['Pz', 'C6', 'POz']",0.52,"{""pca_components"": 3}",
PCA + Bandpower,Linear SVM,PP/PNP-RH,0.505,0.6458333333333334,0.3474576271186441,0.5136910660133611,0.5263157894736842,"['Pz', 'C6', 'PO3']",0.52,"{""pca_components"": 3}",
PCA + Bandpower,Linear SVM,PP/PNP-RH,0.533,0.6136363636363636,0.4427966101694915,0.5378042972904872,0.5263157894736842,"['Pz', 'C6', 'PO4']",0.52,"{""pca_components"": 3}",
PCA + Bandpower,Linear SVM,PP/PNP-RH,0.583,0.6212121212121212,0.5402542372881356,0.587709599347489,0.5789473684210527,"['Pz', 'C6', 'Oz']",0.52,"{""pca_components"": 3}",
PCA + Bandpower,Linear SVM,PP/PNP-RH,0.561,0.5757575757575758,0.5444915254237288,0.5664920419247292,0.5789473684210527,"['Pz', 'C6', 'O1']",0.52,"{""pca_components"": 3}",
PCA + Bandpower,Linear SVM,PP/PNP-RH,0.57,0.6401515151515151,0.4915254237288136,0.5730479413781243,0.5263157894736842,"['Pz', 'C6', 'O2']",0.52,"{""pca_components"": 3}",
PCA + Bandpower,Linear SVM,PP/PNP-RH,0.651,0.7462121212121212,0.5444915254237288,0.6508558090474096,0.631578947368421,"['Pz', 'C6', 'FC6', 'Cz']",0.52,"{""pca_components"": 3}",
PCA + Bandpower,Linear SVM,PP/PNP-RH,0.657,0.7518939393939394,0.5508474576271186,0.6566385963241315,0.6842105263157895,"['Pz', 'C6', 'FC6', 'C1']",0.52,"{""pca_components"": 3}",
PCA + Bandpower,Linear SVM,PP/PNP-RH,0.658,0.7518939393939394,0.5529661016949152,0.6572511181276726,0.6842105263157895,"['Pz', 'C6', 'FC6', 'C2']",0.52,"{""pca_components"": 3}",
PCA + Bandpower,Linear SVM,PP/PNP-RH,0.663,0.7518939393939394,0.5635593220338984,0.662323953091731,0.6842105263157895,"['Pz', 'C6', 'FC6', 'C3']",0.52,"{""pca_components"": 3}",
PCA + Bandpower,Linear SVM,PP/PNP-RH,0.665,0.7537878787878788,0.565677966101695,0.6639952076180816,0.6842105263157895,"['Pz', 'C6', 'FC6', 'C4']",0.52,"{""pca_components"": 3}",
PCA + Bandpower,Linear SVM,PP/PNP-RH,0.655,0.75,0.548728813559322,0.6539219985464674,0.6842105263157895,"['Pz', 'C6', 'FC6', 'C5']",0.52,"{""pca_components"": 3}",
PCA + Bandpower,Linear SVM,PP/PNP-RH,0.616,0.7121212121212122,0.5084745762711864,0.6173180783086264,0.5789473684210527,"['Pz', 'C6', 'FC6', 'FCz']",0.52,"{""pca_components"": 3}",
PCA + Bandpower,Linear SVM,PP/PNP-RH,0.628,0.7064393939393939,0.5402542372881356,0.6297792432158243,0.631578947368421,"['Pz', 'C6', 'FC6', 'FC1']",0.52,"{""pca_components"": 3}",
PCA + Bandpower,Linear SVM,PP/PNP-RH,0.64,0.7462121212121212,0.5211864406779662,0.6383725667193934,0.631578947368421,"['Pz', 'C6', 'FC6', 'FC2']",0.52,"{""pca_components"": 3}",
PCA + Bandpower,Linear SVM,PP/PNP-RH,0.649,0.7291666666666666,0.559322033898305,0.6495091631795905,0.631578947368421,"['Pz', 'C6', 'FC6', 'FC3']",0.52,"{""pca_components"": 3}",
PCA + Bandpower,Linear SVM,PP/PNP-RH,0.65,0.7556818181818182,0.5317796610169492,0.6490363084446023,0.6842105263157895,"['Pz', 'C6', 'FC6', 'FC4']",0.52,"{""pca_components"": 3}",
PCA + Bandpower,Linear SVM,PP/PNP-RH,0.646,0.7310606060606061,0.5508474576271186,0.6456384968313491,0.631578947368421,"['Pz', 'C6', 'FC6', 'FC5']",0.52,"{""pca_components"": 3}",
PCA + Bandpower,Linear SVM,PP/PNP-RH,0.66,0.75,0.559322033898305,0.6579353312179793,0.631578947368421,"['Pz', 'C6', 'FC6', 'CPz']",0.52,"{""pca_components"": 3}",
PCA + Bandpower,Linear SVM,PP/PNP-RH,0.66,0.7537878787878788,0.5550847457627118,0.6587744219675171,0.6842105263157895,"['Pz', 'C6', 'FC6', 'CP1']",0.52,"{""pca_components"": 3}",
PCA + Bandpower,Linear SVM,PP/PNP-RH,0.656,0.7518939393939394,0.548728813559322,0.6548812127363497,0.6842105263157895,"['Pz', 'C6', 'FC6', 'CP2']",0.52,"{""pca_components"": 3}",
PCA + Bandpower,Linear SVM,PP/PNP-RH,0.661,0.7575757575757576,0.5529661016949152,0.6597785801584299,0.6842105263157895,"['Pz', 'C6', 'FC6', 'CP3']",0.52,"{""pca_components"": 3}",
PCA + Bandpower,Linear SVM,PP/PNP-RH,0.66,0.7575757575757576,0.5508474576271186,0.6590153063100348,0.6842105263157895,"['Pz', 'C6', 'FC6', 'CP4']",0.52,"{""pca_components"": 3}",
PCA + Bandpower,Linear SVM,PP/PNP-RH,0.622,0.7083333333333334,0.5254237288135594,0.6036699032991539,0.631578947368421,"['Pz', 'C6', 'FC6', 'CP5']",0.52,"{""pca_components"": 3}",
PCA + Bandpower,Linear SVM,PP/PNP-RH,0.658,0.7386363636363636,0.5677966101694916,0.656035445096024,0.631578947368421,"['Pz', 'C6', 'FC6', 'CP6']",0.52,"{""pca_components"": 3}",
PCA + Bandpower,Linear SVM,PP/PNP-RH,0.619,0.6912878787878788,0.538135593220339,0.6201104503415303,0.631578947368421,"['Pz', 'C6', 'FC6', 'Fz']",0.52,"{""pca_components"": 3}",
PCA + Bandpower,Linear SVM,PP/PNP-RH,0.617,0.678030303030303,0.548728813559322,0.6200180258167005,0.631578947368421,"['Pz', 'C6', 'FC6', 'F1']",0.52,"{""pca_components"": 3}",
PCA + Bandpower,Linear SVM,PP/PNP-RH,0.625,0.7140151515151515,0.5254237288135594,0.6246051717416655,0.631578947368421,"['Pz', 'C6', 'FC6', 'F2']",0.52,"{""pca_components"": 3}",
PCA + Bandpower,Linear SVM,PP/PNP-RH,0.627,0.6912878787878788,0.5550847457627118,0.628906029732795,0.631578947368421,"['Pz', 'C6', 'FC6', 'F3']",0.52,"{""pca_components"": 3}",
PCA + Bandpower,Linear SVM,PP/PNP-RH,0.64,0.7443181818181818,0.5233050847457628,0.6379887298863636,0.631578947368421,"['Pz', 'C6', 'FC6', 'F4']",0.52,"{""pca_components"": 3}",
PCA + Bandpower,Linear SVM,PP/PNP-RH,0.631,0.7196969696969697,0.5317796610169492,0.6313469481488027,0.631578947368421,"['Pz', 'C6', 'FC6', 'F7']",0.52,"{""pca_components"": 3}",
PCA + Bandpower,Linear SVM,PP/PNP-RH,0.647,0.7632575757575758,0.5169491525423728,0.6460008764116874,0.6842105263157895,"['Pz', 'C6', 'FC6', 'F8']",0.52,"{""pca_components"": 3}",
PCA + Bandpower,Linear SVM,PP/PNP-RH,0.639,0.740530303030303,0.5254237288135594,0.6319324976136528,0.6842105263157895,"['Pz', 'C6', 'FC6', 'P1']",0.52,"{""pca_components"": 3}",
PCA + Bandpower,Linear SVM,PP/PNP-RH,0.631,0.7196969696969697,0.5317796610169492,0.630122604680527,0.631578947368421,"['Pz', 'C6', 'FC6', 'P2']",0.52,"{""pca_components"": 3}",
PCA + Bandpower,Linear SVM,PP/PNP-RH,0.552,0.7291666666666666,0.3538135593220339,0.5499704207408364,0.5263157894736842,"['Pz', 'C6', 'FC6', 'P3']",0.52,"{""pca_components"": 3}",
PCA + Bandpower,Linear SVM,PP/PNP-RH,0.579,0.678030303030303,0.4682203389830508,0.5792754362574343,0.5789473684210527,"['Pz', 'C6', 'FC6', 'P4']",0.52,"{""pca_components"": 3}",
PCA + Bandpower,Linear SVM,PP/PNP-RH,0.513,0.6950757575757576,0.3093220338983051,0.5109931415734514,0.47368421052631576,"['Pz', 'C6', 'FC6', 'P5']",0.52,"{""pca_components"": 3}",
PCA + Bandpower,Linear SVM,PP/PNP-RH,0.56,0.6420454545454546,0.4682203389830508,0.5619250915892647,0.5263157894736842,"['Pz', 'C6', 'FC6', 'P6']",0.52,"{""pca_components"": 3}",
PCA + Bandpower,Linear SVM,PP/PNP-RH,0.596,0.6988636363636364,0.4809322033898305,0.596258761315887,0.5789473684210527,"['Pz', 'C6', 'FC6', 'P7']",0.52,"{""pca_components"": 3}",
PCA + Bandpower,Linear SVM,PP/PNP-RH,0.579,0.6401515151515151,0.510593220338983,0.5811147304403987,0.631578947368421,"['Pz', 'C6', 'FC6', 'P8']",0.52,"{""pca_components"": 3}",
PCA + Bandpower,Linear SVM,PP/PNP-RH,0.631,0.7102272727272727,0.5423728813559322,0.6319478446797889,0.631578947368421,"['Pz', 'C6', 'FC6', 'Fp1']",0.52,"{""pca_components"": 3}",
PCA + Bandpower,Linear SVM,PP/PNP-RH,0.586,0.6420454545454546,0.5233050847457628,0.5914911883621694,0.5789473684210527,"['Pz', 'C6', 'FC6', 'POz']",0.52,"{""pca_components"": 3}",
PCA + Bandpower,Linear SVM,PP/PNP-RH,0.512,0.6590909090909091,0.3474576271186441,0.5202677767440919,0.5263157894736842,"['Pz', 'C6', 'FC6', 'PO3']",0.52,"{""pca_components"": 3}",
PCA + Bandpower,Linear SVM,PP/PNP-RH,0.537,0.6212121212121212,0.4427966101694915,0.5417150028469481,0.5263157894736842,"['Pz', 'C6', 'FC6', 'PO4']",0.52,"{""pca_components"": 3}",
PCA + Bandpower,Linear SVM,PP/PNP-RH,0.584,0.6287878787878788,0.5338983050847458,0.58834916086438,0.5789473684210527,"['Pz', 'C6', 'FC6', 'Oz']",0.52,"{""pca_components"": 3}",
PCA + Bandpower,Linear SVM,PP/PNP-RH,0.558,0.5871212121212122,0.5254237288135594,0.5630953788144538,0.5263157894736842,"['Pz', 'C6', 'FC6', 'O1']",0.52,"{""pca_components"": 3}",
PCA + Bandpower,Linear SVM,PP/PNP-RH,0.573,0.6496212121212122,0.4872881355932203,0.5759890889032256,0.5263157894736842,"['Pz', 'C6', 'FC6', 'O2']",0.52,"{""pca_components"": 3}",
PCA + Bandpower,Linear SVM,PP/PNP-RH,0.3,0.4621212121212121,0.11864406779661017,0.30545142017433535,0.2631578947368421,['Cz'],0.54,"{""pca_components"": 3}",
PCA + Bandpower,Linear SVM,PP/PNP-RH,0.398,0.509469696969697,0.2733050847457627,0.3972479854047317,0.42105263157894735,['C1'],0.54,"{""pca_components"": 3}",
PCA + Bandpower,Linear SVM,PP/PNP-RH,0.238,0.3484848484848485,0.11440677966101695,0.24847432634136923,0.2631578947368421,['C2'],0.54,"{""pca_components"": 3}",
PCA + Bandpower,Linear SVM,PP/PNP-RH,0.461,0.44507575757575757,0.4788135593220339,0.4498480468116276,0.47368421052631576,['C3'],0.54,"{""pca_components"": 3}",
PCA + Bandpower,Linear SVM,PP/PNP-RH,0.521,0.4318181818181818,0.6207627118644068,0.5167628731355137,0.5263157894736842,['C4'],0.54,"{""pca_components"": 3}",
PCA + Bandpower,Linear SVM,PP/PNP-RH,0.348,0.4318181818181818,0.2542372881355932,0.3393978507489242,0.3157894736842105,['C5'],0.54,"{""pca_components"": 3}",
PCA + Bandpower,Linear SVM,PP/PNP-RH,0.489,0.38636363636363635,0.6038135593220338,0.4728974495299899,0.42105263157894735,['C6'],0.54,"{""pca_components"": 3}",
PCA + Bandpower,Linear SVM,PP/PNP-RH,0.31,0.2878787878787879,0.3347457627118644,0.3261876923373824,0.3157894736842105,['FCz'],0.54,"{""pca_components"": 3}",
PCA + Bandpower,Linear SVM,PP/PNP-RH,0.284,0.2537878787878788,0.3177966101694915,0.28454472632681577,0.2631578947368421,['FC1'],0.54,"{""pca_components"": 3}",
PCA + Bandpower,Linear SVM,PP/PNP-RH,0.261,0.4015151515151515,0.1038135593220339,0.2673706888755622,0.2631578947368421,['FC2'],0.54,"{""pca_components"": 3}",
PCA + Bandpower,Linear SVM,PP/PNP-RH,0.386,0.3541666666666667,0.4216101694915254,0.38067876847497767,0.3684210526315789,['FC3'],0.54,"{""pca_components"": 3}",
PCA + Bandpower,Linear SVM,PP/PNP-RH,0.285,0.44886363636363635,0.1016949152542373,0.2887193683020304,0.21052631578947367,['FC4'],0.54,"{""pca_components"": 3}",
PCA + Bandpower,Linear SVM,PP/PNP-RH,0.318,0.2878787878787879,0.3516949152542373,0.31398555995437644,0.2631578947368421,['FC5'],0.54,"{""pca_components"": 3}",
PCA + Bandpower,Linear SVM,PP/PNP-RH,0.325,0.4166666666666667,0.22245762711864406,0.3272960981030064,0.2631578947368421,['FC6'],0.54,"{""pca_components"": 3}",
PCA + Bandpower,Linear SVM,PP/PNP-RH,0.417,0.4015151515151515,0.4343220338983051,0.4238402368249004,0.3684210526315789,['CPz'],0.54,"{""pca_components"": 3}",
PCA + Bandpower,Linear SVM,PP/PNP-RH,0.56,0.5909090909090909,0.5254237288135594,0.5572897192619795,0.5789473684210527,['CP1'],0.54,"{""pca_components"": 3}",
PCA + Bandpower,Linear SVM,PP/PNP-RH,0.303,0.2878787878787879,0.3199152542372881,0.31271410085195994,0.2631578947368421,['CP2'],0.54,"{""pca_components"": 3}",
PCA + Bandpower,Linear SVM,PP/PNP-RH,0.34,0.3541666666666667,0.3241525423728814,0.35793088895912517,0.3684210526315789,['CP3'],0.54,"{""pca_components"": 3}",
PCA + Bandpower,Linear SVM,PP/PNP-RH,0.549,0.5643939393939394,0.5317796610169492,0.5403020545986726,0.5263157894736842,['CP4'],0.54,"{""pca_components"": 3}",
PCA + Bandpower,Linear SVM,PP/PNP-RH,0.304,0.4071969696969697,0.1885593220338983,0.31546973952197466,0.2631578947368421,['CP5'],0.54,"{""pca_components"": 3}",
PCA + Bandpower,Linear SVM,PP/PNP-RH,0.532,0.5018939393939394,0.565677966101695,0.5124368289918009,0.47368421052631576,['CP6'],0.54,"{""pca_components"": 3}",
PCA + Bandpower,Linear SVM,PP/PNP-RH,0.257,0.2178030303030303,0.3008474576271186,0.268472091455653,0.2631578947368421,['Fz'],0.54,"{""pca_components"": 3}",
PCA + Bandpower,Linear SVM,PP/PNP-RH,0.286,0.22916666666666666,0.3495762711864407,0.29431378862163643,0.21052631578947367,['F1'],0.54,"{""pca_components"": 3}",
PCA + Bandpower,Linear SVM,PP/PNP-RH,0.275,0.3352272727272727,0.2076271186440678,0.28685307127712284,0.2631578947368421,['F2'],0.54,"{""pca_components"": 3}",
PCA + Bandpower,Linear SVM,PP/PNP-RH,0.414,0.35984848484848486,0.4745762711864407,0.41536572893752133,0.42105263157894735,['F3'],0.54,"{""pca_components"": 3}",
PCA + Bandpower,Linear SVM,PP/PNP-RH,0.248,0.2916666666666667,0.19915254237288135,0.26056167163435945,0.21052631578947367,['F4'],0.54,"{""pca_components"": 3}",
PCA + Bandpower,Linear SVM,PP/PNP-RH,0.374,0.42803030303030304,0.3135593220338983,0.384380002267926,0.3684210526315789,['F7'],0.54,"{""pca_components"": 3}",
PCA + Bandpower,Linear SVM,PP/PNP-RH,0.385,0.3939393939393939,0.375,0.40113997108977195,0.47368421052631576,['F8'],0.54,"{""pca_components"": 3}",
PCA + Bandpower,Linear SVM,PP/PNP-RH,0.386,0.3106060606060606,0.4703389830508475,0.39892452796554473,0.42105263157894735,['Pz'],0.54,"{""pca_components"": 3}",
PCA + Bandpower,Linear SVM,PP/PNP-RH,0.336,0.32386363636363635,0.3495762711864407,0.3537850600307752,0.3157894736842105,['P1'],0.54,"{""pca_components"": 3}",
PCA + Bandpower,Linear SVM,PP/PNP-RH,0.288,0.2159090909090909,0.3686440677966102,0.3004215062989621,0.2631578947368421,['P2'],0.54,"{""pca_components"": 3}",
PCA + Bandpower,Linear SVM,PP/PNP-RH,0.286,0.375,0.1864406779661017,0.3009188440558354,0.21052631578947367,['P3'],0.54,"{""pca_components"": 3}",
PCA + Bandpower,Linear SVM,PP/PNP-RH,0.379,0.4602272727272727,0.288135593220339,0.3910972004787256,0.3684210526315789,['P4'],0.54,"{""pca_components"": 3}",
PCA + Bandpower,Linear SVM,PP/PNP-RH,0.3,0.2556818181818182,0.3495762711864407,0.31926102997144723,0.2631578947368421,['P5'],0.54,"{""pca_components"": 3}",
PCA + Bandpower,Linear SVM,PP/PNP-RH,0.377,0.4678030303030303,0.2754237288135593,0.3865615714533232,0.3684210526315789,['P6'],0.54,"{""pca_components"": 3}",
PCA + Bandpower,Linear SVM,PP/PNP-RH,0.362,0.16477272727272727,0.5826271186440678,0.35422308066598873,0.3684210526315789,['P7'],0.54,"{""pca_components"": 3}",
PCA + Bandpower,Linear SVM,PP/PNP-RH,0.371,0.45075757575757575,0.2817796610169492,0.38169563409610935,0.3684210526315789,['P8'],0.54,"{""pca_components"": 3}",
PCA + Bandpower,Linear SVM,PP/PNP-RH,0.472,0.4696969696969697,0.4745762711864407,0.4803136910913605,0.5263157894736842,['Fp1'],0.54,"{""pca_components"": 3}",
PCA + Bandpower,Linear SVM,PP/PNP-RH,0.332,0.3068181818181818,0.3601694915254237,0.3361088719884727,0.3157894736842105,['POz'],0.54,"{""pca_components"": 3}",
PCA + Bandpower,Linear SVM,PP/PNP-RH,0.26,0.2803030303030303,0.23728813559322035,0.27103555593731815,0.15789473684210525,['PO3'],0.54,"{""pca_components"": 3}",
PCA + Bandpower,Linear SVM,PP/PNP-RH,0.203,0.16098484848484848,0.25,0.20493201980376746,0.15789473684210525,['PO4'],0.54,"{""pca_components"": 3}",
PCA + Bandpower,Linear SVM,PP/PNP-RH,0.342,0.26704545454545453,0.4258474576271186,0.339580974270508,0.3157894736842105,['Oz'],0.54,"{""pca_components"": 3}",
PCA + Bandpower,Linear SVM,PP/PNP-RH,0.217,0.26136363636363635,0.1673728813559322,0.21934541487865017,0.21052631578947367,['O1'],0.54,"{""pca_components"": 3}",
PCA + Bandpower,Linear SVM,PP/PNP-RH,0.476,0.38636363636363635,0.576271186440678,0.4624651866788234,0.47368421052631576,['O2'],0.54,"{""pca_components"": 3}",
PCA + Bandpower,Linear SVM,PP/PNP-RH,0.416,0.5643939393939394,0.25,0.4194126778237847,0.3684210526315789,"['CP1', 'Cz']",0.54,"{""pca_components"": 3}",
PCA + Bandpower,Linear SVM,PP/PNP-RH,0.431,0.5113636363636364,0.3411016949152542,0.43660601764598306,0.42105263157894735,"['CP1', 'C1']",0.54,"{""pca_components"": 3}",
PCA + Bandpower,Linear SVM,PP/PNP-RH,0.427,0.5132575757575758,0.3305084745762712,0.43269593149323954,0.47368421052631576,"['CP1', 'C2']",0.54,"{""pca_components"": 3}",
PCA + Bandpower,Linear SVM,PP/PNP-RH,0.419,0.42992424242424243,0.4067796610169492,0.4257684025409025,0.47368421052631576,"['CP1', 'C3']",0.54,"{""pca_components"": 3}",
PCA + Bandpower,Linear SVM,PP/PNP-RH,0.5,0.509469696969697,0.4894067796610169,0.501940948946902,0.5789473684210527,"['CP1', 'C4']",0.54,"{""pca_components"": 3}",
PCA + Bandpower,Linear SVM,PP/PNP-RH,0.392,0.4337121212121212,0.3453389830508475,0.3986540913530761,0.42105263157894735,"['CP1', 'C5']",0.54,"{""pca_components"": 3}",
PCA + Bandpower,Linear SVM,PP/PNP-RH,0.508,0.5378787878787878,0.4745762711864407,0.504364185377912,0.47368421052631576,"['CP1', 'C6']",0.54,"{""pca_components"": 3}",
PCA + Bandpower,Linear SVM,PP/PNP-RH,0.236,0.29734848484848486,0.1673728813559322,0.2473427240173455,0.21052631578947367,"['CP1', 'FCz']",0.54,"{""pca_components"": 3}",
PCA + Bandpower,Linear SVM,PP/PNP-RH,0.266,0.29545454545454547,0.2330508474576271,0.2775877519732527,0.2631578947368421,"['CP1', 'FC1']",0.54,"{""pca_components"": 3}",
PCA + Bandpower,Linear SVM,PP/PNP-RH,0.322,0.44696969696969696,0.18220338983050846,0.32965523563186194,0.3157894736842105,"['CP1', 'FC2']",0.54,"{""pca_components"": 3}",
PCA + Bandpower,Linear SVM,PP/PNP-RH,0.423,0.4090909090909091,0.4385593220338983,0.4229182868068482,0.42105263157894735,"['CP1', 'FC3']",0.54,"{""pca_components"": 3}",
PCA + Bandpower,Linear SVM,PP/PNP-RH,0.35,0.4431818181818182,0.2457627118644068,0.3593488420746691,0.3684210526315789,"['CP1', 'FC4']",0.54,"{""pca_components"": 3}",
PCA + Bandpower,Linear SVM,PP/PNP-RH,0.359,0.3465909090909091,0.3728813559322034,0.36358056651982085,0.3684210526315789,"['CP1', 'FC5']",0.54,"{""pca_components"": 3}",
PCA + Bandpower,Linear SVM,PP/PNP-RH,0.336,0.36553030303030304,0.3029661016949153,0.35160980641451667,0.3157894736842105,"['CP1', 'FC6']",0.54,"{""pca_components"": 3}",
PCA + Bandpower,Linear SVM,PP/PNP-RH,0.47,0.5075757575757576,0.4279661016949153,0.47405453015857696,0.5263157894736842,"['CP1', 'CPz']",0.54,"{""pca_components"": 3}",
PCA + Bandpower,Linear SVM,PP/PNP-RH,0.395,0.42234848484848486,0.3644067796610169,0.40236831159536035,0.42105263157894735,"['CP1', 'CP2']",0.54,"{""pca_components"": 3}",
PCA + Bandpower,Linear SVM,PP/PNP-RH,0.412,0.4659090909090909,0.3516949152542373,0.42319348423414516,0.42105263157894735,"['CP1', 'CP3']",0.54,"{""pca_components"": 3}",
PCA + Bandpower,Linear SVM,PP/PNP-RH,0.593,0.6363636363636364,0.5444915254237288,0.5908516469196486,0.631578947368421,"['CP1', 'CP4']",0.54,"{""pca_components"": 3}",
PCA + Bandpower,Linear SVM,PP/PNP-RH,0.326,0.38257575757575757,0.2627118644067797,0.3402262836416055,0.2631578947368421,"['CP1', 'CP5']",0.54,"{""pca_components"": 3}",
PCA + Bandpower,Linear SVM,PP/PNP-RH,0.566,0.5587121212121212,0.5741525423728814,0.5521429371861135,0.47368421052631576,"['CP1', 'CP6']",0.54,"{""pca_components"": 3}",
PCA + Bandpower,Linear SVM,PP/PNP-RH,0.277,0.23674242424242425,0.3220338983050847,0.2892942403950589,0.2631578947368421,"['CP1', 'Fz']",0.54,"{""pca_components"": 3}",
PCA + Bandpower,Linear SVM,PP/PNP-RH,0.298,0.25,0.3516949152542373,0.3094294093147538,0.3157894736842105,"['CP1', 'F1']",0.54,"{""pca_components"": 3}",
PCA + Bandpower,Linear SVM,PP/PNP-RH,0.311,0.3541666666666667,0.2627118644067797,0.3217238596337275,0.2631578947368421,"['CP1', 'F2']",0.54,"{""pca_components"": 3}",
PCA + Bandpower,Linear SVM,PP/PNP-RH,0.432,0.38825757575757575,0.4809322033898305,0.4383246804877959,0.42105263157894735,"['CP1', 'F3']",0.54,"{""pca_components"": 3}",
PCA + Bandpower,Linear SVM,PP/PNP-RH,0.286,0.32386363636363635,0.24364406779661016,0.2990067349034621,0.3157894736842105,"['CP1', 'F4']",0.54,"{""pca_components"": 3}",
PCA + Bandpower,Linear SVM,PP/PNP-RH,0.4,0.44886363636363635,0.3453389830508475,0.4115912981426494,0.42105263157894735,"['CP1', 'F7']",0.54,"{""pca_components"": 3}",
PCA + Bandpower,Linear SVM,PP/PNP-RH,0.343,0.4715909090909091,0.19915254237288135,0.35213528320811427,0.42105263157894735,"['CP1', 'F8']",0.54,"{""pca_components"": 3}",
PCA + Bandpower,Linear SVM,PP/PNP-RH,0.396,0.32954545454545453,0.4703389830508475,0.4103875287473451,0.3684210526315789,"['CP1', 'Pz']",0.54,"{""pca_components"": 3}",
PCA + Bandpower,Linear SVM,PP/PNP-RH,0.397,0.4318181818181818,0.3580508474576271,0.4080651656458078,0.42105263157894735,"['CP1', 'P1']",0.54,"{""pca_components"": 3}",
PCA + Bandpower,Linear SVM,PP/PNP-RH,0.306,0.2481060606060606,0.3707627118644068,0.3176483202047911,0.3157894736842105,"['CP1', 'P2']",0.54,"{""pca_components"": 3}",
PCA + Bandpower,Linear SVM,PP/PNP-RH,0.304,0.39204545454545453,0.2055084745762712,0.3183730590989458,0.21052631578947367,"['CP1', 'P3']",0.54,"{""pca_components"": 3}",
PCA + Bandpower,Linear SVM,PP/PNP-RH,0.248,0.22537878787878787,0.2733050847457627,0.26030412610075154,0.21052631578947367,"['CP1', 'P4']",0.54,"{""pca_components"": 3}",
PCA + Bandpower,Linear SVM,PP/PNP-RH,0.218,0.2765151515151515,0.15254237288135594,0.23196005712197829,0.15789473684210525,"['CP1', 'P5']",0.54,"{""pca_components"": 3}",
PCA + Bandpower,Linear SVM,PP/PNP-RH,0.388,0.4715909090909091,0.2944915254237288,0.39946414583795076,0.3684210526315789,"['CP1', 'P6']",0.54,"{""pca_components"": 3}",
PCA + Bandpower,Linear SVM,PP/PNP-RH,0.265,0.26704545454545453,0.2627118644067797,0.28263487598018633,0.2631578947368421,"['CP1', 'P7']",0.54,"{""pca_components"": 3}",
PCA + Bandpower,Linear SVM,PP/PNP-RH,0.383,0.4393939393939394,0.3199152542372881,0.3866484126975808,0.42105263157894735,"['CP1', 'P8']",0.54,"{""pca_components"": 3}",
PCA + Bandpower,Linear SVM,PP/PNP-RH,0.476,0.48484848484848486,0.4661016949152542,0.48722225869305125,0.47368421052631576,"['CP1', 'Fp1']",0.54,"{""pca_components"": 3}",
PCA + Bandpower,Linear SVM,PP/PNP-RH,0.335,0.3125,0.3601694915254237,0.33884451120733844,0.3157894736842105,"['CP1', 'POz']",0.54,"{""pca_components"": 3}",
PCA + Bandpower,Linear SVM,PP/PNP-RH,0.264,0.2821969696969697,0.24364406779661016,0.27681174304890704,0.15789473684210525,"['CP1', 'PO3']",0.54,"{""pca_components"": 3}",
PCA + Bandpower,Linear SVM,PP/PNP-RH,0.204,0.16287878787878787,0.25,0.20562431536938242,0.15789473684210525,"['CP1', 'PO4']",0.54,"{""pca_components"": 3}",
PCA + Bandpower,Linear SVM,PP/PNP-RH,0.353,0.2784090909090909,0.4364406779661017,0.3502116212322892,0.3157894736842105,"['CP1', 'Oz']",0.54,"{""pca_components"": 3}",
PCA + Bandpower,Linear SVM,PP/PNP-RH,0.225,0.26136363636363635,0.1843220338983051,0.22677488941159568,0.21052631578947367,"['CP1', 'O1']",0.54,"{""pca_components"": 3}",
PCA + Bandpower,Linear SVM,PP/PNP-RH,0.375,0.4053030303030303,0.3411016949152542,0.37596273113765344,0.3684210526315789,"['CP1', 'O2']",0.54,"{""pca_components"": 3}",
PCA + Bandpower,Linear SVM,PP/PNP-RH,0.551,0.6098484848484849,0.4851694915254237,0.54832034976241,0.5789473684210527,"['CP1', 'CP4', 'Cz']",0.54,"{""pca_components"": 3}",
PCA + Bandpower,Linear SVM,PP/PNP-RH,0.567,0.625,0.5021186440677966,0.5634789857165527,0.631578947368421,"['CP1', 'CP4', 'C1']",0.54,"{""pca_components"": 3}",
PCA + Bandpower,Linear SVM,PP/PNP-RH,0.582,0.6325757575757576,0.5254237288135594,0.5793748711851305,0.631578947368421,"['CP1', 'CP4', 'C2']",0.54,"{""pca_components"": 3}",
PCA + Bandpower,Linear SVM,PP/PNP-RH,0.598,0.6287878787878788,0.5635593220338984,0.5910152969061125,0.631578947368421,"['CP1', 'CP4', 'C3']",0.54,"{""pca_components"": 3}",
PCA + Bandpower,Linear SVM,PP/PNP-RH,0.602,0.6420454545454546,0.5572033898305084,0.5993394385037348,0.631578947368421,"['CP1', 'CP4', 'C4']",0.54,"{""pca_components"": 3}",
PCA + Bandpower,Linear SVM,PP/PNP-RH,0.384,0.4166666666666667,0.3474576271186441,0.38494431687532693,0.42105263157894735,"['CP1', 'CP4', 'C5']",0.54,"{""pca_components"": 3}",
PCA + Bandpower,Linear SVM,PP/PNP-RH,0.59,0.615530303030303,0.5614406779661016,0.5827027170544009,0.5789473684210527,"['CP1', 'CP4', 'C6']",0.54,"{""pca_components"": 3}",
PCA + Bandpower,Linear SVM,PP/PNP-RH,0.269,0.3125,0.22033898305084745,0.2781919303400048,0.21052631578947367,"['CP1', 'CP4', 'FCz']",0.54,"{""pca_components"": 3}",
PCA + Bandpower,Linear SVM,PP/PNP-RH,0.306,0.32386363636363635,0.2860169491525424,0.31237367377435954,0.3157894736842105,"['CP1', 'CP4', 'FC1']",0.54,"{""pca_components"": 3}",
PCA + Bandpower,Linear SVM,PP/PNP-RH,0.333,0.38636363636363635,0.2733050847457627,0.34000620959564687,0.3684210526315789,"['CP1', 'CP4', 'FC2']",0.54,"{""pca_components"": 3}",
PCA + Bandpower,Linear SVM,PP/PNP-RH,0.421,0.42992424242424243,0.4110169491525424,0.4212341815025367,0.42105263157894735,"['CP1', 'CP4', 'FC3']",0.54,"{""pca_components"": 3}",
PCA + Bandpower,Linear SVM,PP/PNP-RH,0.478,0.5075757575757576,0.4449152542372881,0.4745887945561124,0.5263157894736842,"['CP1', 'CP4', 'FC4']",0.54,"{""pca_components"": 3}",
PCA + Bandpower,Linear SVM,PP/PNP-RH,0.431,0.4564393939393939,0.4025423728813559,0.43635753084201834,0.42105263157894735,"['CP1', 'CP4', 'FC5']",0.54,"{""pca_components"": 3}",
PCA + Bandpower,Linear SVM,PP/PNP-RH,0.496,0.5397727272727273,0.4470338983050847,0.49143907453126306,0.5263157894736842,"['CP1', 'CP4', 'FC6']",0.54,"{""pca_components"": 3}",
PCA + Bandpower,Linear SVM,PP/PNP-RH,0.6,0.6553030303030303,0.538135593220339,0.6001049824044792,0.631578947368421,"['CP1', 'CP4', 'CPz']",0.54,"{""pca_components"": 3}",
PCA + Bandpower,Linear SVM,PP/PNP-RH,0.573,0.6231060606060606,0.5169491525423728,0.5708013304960253,0.5789473684210527,"['CP1', 'CP4', 'CP2']",0.54,"{""pca_components"": 3}",
PCA + Bandpower,Linear SVM,PP/PNP-RH,0.516,0.553030303030303,0.4745762711864407,0.5133711852253238,0.5789473684210527,"['CP1', 'CP4', 'CP3']",0.54,"{""pca_components"": 3}",
PCA + Bandpower,Linear SVM,PP/PNP-RH,0.381,0.4337121212121212,0.3220338983050847,0.3877257925271956,0.42105263157894735,"['CP1', 'CP4', 'CP5']",0.54,"{""pca_components"": 3}",
PCA + Bandpower,Linear SVM,PP/PNP-RH,0.562,0.5643939393939394,0.559322033898305,0.5504561455679697,0.47368421052631576,"['CP1', 'CP4', 'CP6']",0.54,"{""pca_components"": 3}",
PCA + Bandpower,Linear SVM,PP/PNP-RH,0.415,0.4185606060606061,0.4110169491525424,0.425342506190513,0.42105263157894735,"['CP1', 'CP4', 'Fz']",0.54,"{""pca_components"": 3}",
PCA + Bandpower,Linear SVM,PP/PNP-RH,0.414,0.3939393939393939,0.4364406779661017,0.4227339975281981,0.42105263157894735,"['CP1', 'CP4', 'F1']",0.54,"{""pca_components"": 3}",
PCA + Bandpower,Linear SVM,PP/PNP-RH,0.314,0.32575757575757575,0.3008474576271186,0.3239686768935681,0.3684210526315789,"['CP1', 'CP4', 'F2']",0.54,"{""pca_components"": 3}",
PCA + Bandpower,Linear SVM,PP/PNP-RH,0.439,0.42234848484848486,0.4576271186440678,0.44292345061296085,0.42105263157894735,"['CP1', 'CP4', 'F3']",0.54,"{""pca_components"": 3}",
PCA + Bandpower,Linear SVM,PP/PNP-RH,0.321,0.32765151515151514,0.3135593220338983,0.3306862792301714,0.42105263157894735,"['CP1', 'CP4', 'F4']",0.54,"{""pca_components"": 3}",
PCA + Bandpower,Linear SVM,PP/PNP-RH,0.356,0.3446969696969697,0.3686440677966102,0.3663050864282548,0.42105263157894735,"['CP1', 'CP4', 'F7']",0.54,"{""pca_components"": 3}",
PCA + Bandpower,Linear SVM,PP/PNP-RH,0.35,0.4109848484848485,0.2817796610169492,0.35828412508429636,0.42105263157894735,"['CP1', 'CP4', 'F8']",0.54,"{""pca_components"": 3}",
PCA + Bandpower,Linear SVM,PP/PNP-RH,0.517,0.5643939393939394,0.4639830508474576,0.5278023951612645,0.5263157894736842,"['CP1', 'CP4', 'Pz']",0.54,"{""pca_components"": 3}",
PCA + Bandpower,Linear SVM,PP/PNP-RH,0.39,0.4109848484848485,0.3665254237288136,0.4009834966386459,0.42105263157894735,"['CP1', 'CP4', 'P1']",0.54,"{""pca_components"": 3}",
PCA + Bandpower,Linear SVM,PP/PNP-RH,0.452,0.5037878787878788,0.3940677966101695,0.46171845497372194,0.42105263157894735,"['CP1', 'CP4', 'P2']",0.54,"{""pca_components"": 3}",
PCA + Bandpower,Linear SVM,PP/PNP-RH,0.313,0.3712121212121212,0.2478813559322034,0.32633517284370084,0.2631578947368421,"['CP1', 'CP4', 'P3']",0.54,"{""pca_components"": 3}",
PCA + Bandpower,Linear SVM,PP/PNP-RH,0.392,0.4621212121212121,0.3135593220338983,0.4027905164010166,0.3684210526315789,"['CP1', 'CP4', 'P4']",0.54,"{""pca_components"": 3}",
PCA + Bandpower,Linear SVM,PP/PNP-RH,0.232,0.2784090909090909,0.18008474576271186,0.24604409728722085,0.15789473684210525,"['CP1', 'CP4', 'P5']",0.54,"{""pca_components"": 3}",
PCA + Bandpower,Linear SVM,PP/PNP-RH,0.387,0.4602272727272727,0.3050847457627119,0.39751997823582974,0.3684210526315789,"['CP1', 'CP4', 'P6']",0.54,"{""pca_components"": 3}",
PCA + Bandpower,Linear SVM,PP/PNP-RH,0.232,0.2859848484848485,0.1716101694915254,0.2445179553863893,0.21052631578947367,"['CP1', 'CP4', 'P7']",0.54,"{""pca_components"": 3}",
PCA + Bandpower,Linear SVM,PP/PNP-RH,0.5,0.5284090909090909,0.4682203389830508,0.4933576478729411,0.5263157894736842,"['CP1', 'CP4', 'P8']",0.54,"{""pca_components"": 3}",
PCA + Bandpower,Linear SVM,PP/PNP-RH,0.48,0.5,0.4576271186440678,0.4888428356950568,0.47368421052631576,"['CP1', 'CP4', 'Fp1']",0.54,"{""pca_components"": 3}",
PCA + Bandpower,Linear SVM,PP/PNP-RH,0.318,0.2821969696969697,0.3580508474576271,0.3195891934183325,0.3157894736842105,"['CP1', 'CP4', 'POz']",0.54,"{""pca_components"": 3}",
PCA + Bandpower,Linear SVM,PP/PNP-RH,0.252,0.26325757575757575,0.23940677966101695,0.2635297780711106,0.21052631578947367,"['CP1', 'CP4', 'PO3']",0.54,"{""pca_components"": 3}",
PCA + Bandpower,Linear SVM,PP/PNP-RH,0.207,0.17045454545454544,0.2478813559322034,0.20813479275317914,0.15789473684210525,"['CP1', 'CP4', 'PO4']",0.54,"{""pca_components"": 3}",
PCA + Bandpower,Linear SVM,PP/PNP-RH,0.391,0.3541666666666667,0.4322033898305085,0.38719893277042416,0.3684210526315789,"['CP1', 'CP4', 'Oz']",0.54,"{""pca_components"": 3}",
PCA + Bandpower,Linear SVM,PP/PNP-RH,0.222,0.23295454545454544,0.2097457627118644,0.22096217455235223,0.15789473684210525,"['CP1', 'CP4', 'O1']",0.54,"{""pca_components"": 3}",
PCA + Bandpower,Linear SVM,PP/PNP-RH,0.377,0.4053030303030303,0.3453389830508475,0.3778076535712772,0.3157894736842105,"['CP1', 'CP4', 'O2']",0.54,"{""pca_components"": 3}",
PCA + Bandpower,Linear SVM,PP/PNP-RH,0.563,0.6193181818181818,0.5,0.5600552520092437,0.5789473684210527,"['CP1', 'CP4', 'C4', 'Cz']",0.54,"{""pca_components"": 3}",
PCA + Bandpower,Linear SVM,PP/PNP-RH,0.58,0.6325757575757576,0.5211864406779662,0.5759170044899145,0.631578947368421,"['CP1', 'CP4', 'C4', 'C1']",0.54,"{""pca_components"": 3}",
PCA + Bandpower,Linear SVM,PP/PNP-RH,0.59,0.6382575757575758,0.5360169491525424,0.5872741218205267,0.631578947368421,"['CP1', 'CP4', 'C4', 'C2']",0.54,"{""pca_components"": 3}",
PCA + Bandpower,Linear SVM,PP/PNP-RH,0.608,0.634469696969697,0.5783898305084746,0.6007582132430587,0.631578947368421,"['CP1', 'CP4', 'C4', 'C3']",0.54,"{""pca_components"": 3}",
PCA + Bandpower,Linear SVM,PP/PNP-RH,0.48,0.48484848484848486,0.4745762711864407,0.4726421336208699,0.5263157894736842,"['CP1', 'CP4', 'C4', 'C5']",0.54,"{""pca_components"": 3}",
PCA + Bandpower,Linear SVM,PP/PNP-RH,0.593,0.6193181818181818,0.5635593220338984,0.5857274152692122,0.631578947368421,"['CP1', 'CP4', 'C4', 'C6']",0.54,"{""pca_components"": 3}",
PCA + Bandpower,Linear SVM,PP/PNP-RH,0.289,0.32954545454545453,0.24364406779661016,0.2965881727405117,0.2631578947368421,"['CP1', 'CP4', 'C4', 'FCz']",0.54,"{""pca_components"": 3}",
PCA + Bandpower,Linear SVM,PP/PNP-RH,0.394,0.4356060606060606,0.3474576271186441,0.4021146099633525,0.42105263157894735,"['CP1', 'CP4', 'C4', 'FC1']",0.54,"{""pca_components"": 3}",
PCA + Bandpower,Linear SVM,PP/PNP-RH,0.449,0.48863636363636365,0.4046610169491525,0.44719627375220755,0.47368421052631576,"['CP1', 'CP4', 'C4', 'FC2']",0.54,"{""pca_components"": 3}",
PCA + Bandpower,Linear SVM,PP/PNP-RH,0.548,0.5435606060606061,0.5529661016949152,0.5381256643611044,0.5263157894736842,"['CP1', 'CP4', 'C4', 'FC3']",0.54,"{""pca_components"": 3}",
PCA + Bandpower,Linear SVM,PP/PNP-RH,0.585,0.6325757575757576,0.5317796610169492,0.582430678854531,0.631578947368421,"['CP1', 'CP4', 'C4', 'FC4']",0.54,"{""pca_components"": 3}",
PCA + Bandpower,Linear SVM,PP/PNP-RH,0.448,0.4753787878787879,0.4173728813559322,0.4532927364105725,0.47368421052631576,"['CP1', 'CP4', 'C4', 'FC5']",0.54,"{""pca_components"": 3}",
PCA + Bandpower,Linear SVM,PP/PNP-RH,0.491,0.5246212121212122,0.4533898305084746,0.48629228111230904,0.5263157894736842,"['CP1', 'CP4', 'C4', 'FC6']",0.54,"{""pca_components"": 3}",
PCA + Bandpower,Linear SVM,PP/PNP-RH,0.603,0.6628787878787878,0.5360169491525424,0.6028595247290083,0.631578947368421,"['CP1', 'CP4', 'C4', 'CPz']",0.54,"{""pca_components"": 3}",
PCA + Bandpower,Linear SVM,PP/PNP-RH,0.582,0.6325757575757576,0.5254237288135594,0.5798954201851491,0.631578947368421,"['CP1', 'CP4', 'C4', 'CP2']",0.54,"{""pca_components"": 3}",
PCA + Bandpower,Linear SVM,PP/PNP-RH,0.628,0.678030303030303,0.5720338983050848,0.6247745430041798,0.631578947368421,"['CP1', 'CP4', 'C4', 'CP3']",0.54,"{""pca_components"": 3}",
PCA + Bandpower,Linear SVM,PP/PNP-RH,0.357,0.39015151515151514,0.3199152542372881,0.3649679859293612,0.3684210526315789,"['CP1', 'CP4', 'C4', 'CP5']",0.54,"{""pca_components"": 3}",
PCA + Bandpower,Linear SVM,PP/PNP-RH,0.571,0.5776515151515151,0.5635593220338984,0.558913155131908,0.5263157894736842,"['CP1', 'CP4', 'C4', 'CP6']",0.54,"{""pca_components"": 3}",
PCA + Bandpower,Linear SVM,PP/PNP-RH,0.424,0.4337121212121212,0.413135593220339,0.4334893832208217,0.42105263157894735,"['CP1', 'CP4', 'C4', 'Fz']",0.54,"{""pca_components"": 3}",
PCA + Bandpower,Linear SVM,PP/PNP-RH,0.431,0.42234848484848486,0.4406779661016949,0.43775979282966415,0.42105263157894735,"['CP1', 'CP4', 'C4', 'F1']",0.54,"{""pca_components"": 3}",
PCA + Bandpower,Linear SVM,PP/PNP-RH,0.32,0.3314393939393939,0.3072033898305085,0.33000826853063814,0.42105263157894735,"['CP1', 'CP4', 'C4', 'F2']",0.54,"{""pca_components"": 3}",
PCA + Bandpower,Linear SVM,PP/PNP-RH,0.559,0.5340909090909091,0.586864406779661,0.5535919430162178,0.5263157894736842,"['CP1', 'CP4', 'C4', 'F3']",0.54,"{""pca_components"": 3}",
PCA + Bandpower,Linear SVM,PP/PNP-RH,0.328,0.3371212121212121,0.3177966101694915,0.33630599590273325,0.42105263157894735,"['CP1', 'CP4', 'C4', 'F4']",0.54,"{""pca_components"": 3}",
PCA + Bandpower,Linear SVM,PP/PNP-RH,0.366,0.3560606060606061,0.3771186440677966,0.3755386967698984,0.42105263157894735,"['CP1', 'CP4', 'C4', 'F7']",0.54,"{""pca_components"": 3}",
PCA + Bandpower,Linear SVM,PP/PNP-RH,0.361,0.4053030303030303,0.3114406779661017,0.368298919846321,0.3684210526315789,"['CP1', 'CP4', 'C4', 'F8']",0.54,"{""pca_components"": 3}",
PCA + Bandpower,Linear SVM,PP/PNP-RH,0.518,0.5625,0.4682203389830508,0.5289666405379466,0.5263157894736842,"['CP1', 'CP4', 'C4', 'Pz']",0.54,"{""pca_components"": 3}",
PCA + Bandpower,Linear SVM,PP/PNP-RH,0.389,0.4090909090909091,0.3665254237288136,0.4000265588396028,0.42105263157894735,"['CP1', 'CP4', 'C4', 'P1']",0.54,"{""pca_components"": 3}",
PCA + Bandpower,Linear SVM,PP/PNP-RH,0.46,0.5189393939393939,0.3940677966101695,0.46926347073964764,0.42105263157894735,"['CP1', 'CP4', 'C4', 'P2']",0.54,"{""pca_components"": 3}",
PCA + Bandpower,Linear SVM,PP/PNP-RH,0.314,0.36553030303030304,0.2563559322033898,0.32692567348554924,0.2631578947368421,"['CP1', 'CP4', 'C4', 'P3']",0.54,"{""pca_components"": 3}",
PCA + Bandpower,Linear SVM,PP/PNP-RH,0.402,0.4678030303030303,0.3283898305084746,0.41277439035942615,0.42105263157894735,"['CP1', 'CP4', 'C4', 'P4']",0.54,"{""pca_components"": 3}",
PCA + Bandpower,Linear SVM,PP/PNP-RH,0.237,0.2840909090909091,0.1843220338983051,0.2511237680374146,0.15789473684210525,"['CP1', 'CP4', 'C4', 'P5']",0.54,"{""pca_components"": 3}",
PCA + Bandpower,Linear SVM,PP/PNP-RH,0.392,0.4602272727272727,0.3156779661016949,0.40226605395143455,0.3684210526315789,"['CP1', 'CP4', 'C4', 'P6']",0.54,"{""pca_components"": 3}",
PCA + Bandpower,Linear SVM,PP/PNP-RH,0.251,0.29545454545454547,0.20127118644067796,0.26170761102703893,0.21052631578947367,"['CP1', 'CP4', 'C4', 'P7']",0.54,"{""pca_components"": 3}",
PCA + Bandpower,Linear SVM,PP/PNP-RH,0.506,0.5303030303030303,0.4788135593220339,0.49898088762551507,0.5263157894736842,"['CP1', 'CP4', 'C4', 'P8']",0.54,"{""pca_components"": 3}",
PCA + Bandpower,Linear SVM,PP/PNP-RH,0.489,0.5113636363636364,0.4639830508474576,0.49740619957805743,0.47368421052631576,"['CP1', 'CP4', 'C4', 'Fp1']",0.54,"{""pca_components"": 3}",
PCA + Bandpower,Linear SVM,PP/PNP-RH,0.322,0.2878787878787879,0.3601694915254237,0.3234049990346921,0.3157894736842105,"['CP1', 'CP4', 'C4', 'POz']",0.54,"{""pca_components"": 3}",
PCA + Bandpower,Linear SVM,PP/PNP-RH,0.257,0.2708333333333333,0.24152542372881355,0.26807145601796395,0.21052631578947367,"['CP1', 'CP4', 'C4', 'PO3']",0.54,"{""pca_components"": 3}",
PCA + Bandpower,Linear SVM,PP/PNP-RH,0.208,0.17045454545454544,0.25,0.20918742433212653,0.15789473684210525,"['CP1', 'CP4', 'C4', 'PO4']",0.54,"{""pca_components"": 3}",
PCA + Bandpower,Linear SVM,PP/PNP-RH,0.399,0.35984848484848486,0.4427966101694915,0.3946934604034559,0.42105263157894735,"['CP1', 'CP4', 'C4', 'Oz']",0.54,"{""pca_components"": 3}",
PCA + Bandpower,Linear SVM,PP/PNP-RH,0.232,0.23674242424242425,0.2266949152542373,0.23051181032434587,0.15789473684210525,"['CP1', 'CP4', 'C4', 'O1']",0.54,"{""pca_components"": 3}",
PCA + Bandpower,Linear SVM,PP/PNP-RH,0.386,0.4034090909090909,0.3665254237288136,0.3861514796436351,0.3157894736842105,"['CP1', 'CP4', 'C4', 'O2']",0.54,"{""pca_components"": 3}",
PCA + Bandpower,Linear SVM,PP/PNP-RH,0.497,0.5397727272727273,0.4491525423728814,0.4928525417808197,0.5789473684210527,"['CP1', 'CP4', 'C4', 'CP3', 'Cz']",0.54,"{""pca_components"": 3}",
PCA + Bandpower,Linear SVM,PP/PNP-RH,0.517,0.5643939393939394,0.4639830508474576,0.5123459072198061,0.5789473684210527,"['CP1', 'CP4', 'C4', 'CP3', 'C1']",0.54,"{""pca_components"": 3}",
PCA + Bandpower,Linear SVM,PP/PNP-RH,0.512,0.5511363636363636,0.4682203389830508,0.5077064087872043,0.5789473684210527,"['CP1', 'CP4', 'C4', 'CP3', 'C2']",0.54,"{""pca_components"": 3}",
PCA + Bandpower,Linear SVM,PP/PNP-RH,0.523,0.5587121212121212,0.4830508474576271,0.5177599855737504,0.5789473684210527,"['CP1', 'CP4', 'C4', 'CP3', 'C3']",0.54,"{""pca_components"": 3}",
PCA + Bandpower,Linear SVM,PP/PNP-RH,0.407,0.4583333333333333,0.3495762711864407,0.4098834131515325,0.47368421052631576,"['CP1', 'CP4', 'C4', 'CP3', 'C5']",0.54,"{""pca_components"": 3}",
PCA + Bandpower,Linear SVM,PP/PNP-RH,0.619,0.6571969696969697,0.576271186440678,0.6134054687543554,0.631578947368421,"['CP1', 'CP4', 'C4', 'CP3', 'C6']",0.54,"{""pca_components"": 3}",
PCA + Bandpower,Linear SVM,PP/PNP-RH,0.319,0.3522727272727273,0.2817796610169492,0.3278166212801952,0.3684210526315789,"['CP1', 'CP4', 'C4', 'CP3', 'FCz']",0.54,"{""pca_components"": 3}",
PCA + Bandpower,Linear SVM,PP/PNP-RH,0.338,0.36174242424242425,0.3114406779661017,0.34528529119590773,0.42105263157894735,"['CP1', 'CP4', 'C4', 'CP3', 'FC1']",0.54,"{""pca_components"": 3}",
PCA + Bandpower,Linear SVM,PP/PNP-RH,0.372,0.4393939393939394,0.2966101694915254,0.3789915497109126,0.47368421052631576,"['CP1', 'CP4', 'C4', 'CP3', 'FC2']",0.54,"{""pca_components"": 3}",
PCA + Bandpower,Linear SVM,PP/PNP-RH,0.563,0.5662878787878788,0.559322033898305,0.5554716926742177,0.5789473684210527,"['CP1', 'CP4', 'C4', 'CP3', 'FC3']",0.54,"{""pca_components"": 3}",
PCA + Bandpower,Linear SVM,PP/PNP-RH,0.501,0.5473484848484849,0.4491525423728814,0.4977568811634106,0.5789473684210527,"['CP1', 'CP4', 'C4', 'CP3', 'FC4']",0.54,"{""pca_components"": 3}",
PCA + Bandpower,Linear SVM,PP/PNP-RH,0.382,0.4015151515151515,0.3601694915254237,0.3838175509693901,0.47368421052631576,"['CP1', 'CP4', 'C4', 'CP3', 'FC5']",0.54,"{""pca_components"": 3}",
PCA + Bandpower,Linear SVM,PP/PNP-RH,0.517,0.5700757575757576,0.4576271186440678,0.5130629890924565,0.5789473684210527,"['CP1', 'CP4', 'C4', 'CP3', 'FC6']",0.54,"{""pca_components"": 3}",
PCA + Bandpower,Linear SVM,PP/PNP-RH,0.631,0.6875,0.5677966101694916,0.6308092109753268,0.631578947368421,"['CP1', 'CP4', 'C4', 'CP3', 'CPz']",0.54,"{""pca_components"": 3}",
PCA + Bandpower,Linear SVM,PP/PNP-RH,0.508,0.5265151515151515,0.4872881355932203,0.5045451988145091,0.5789473684210527,"['CP1', 'CP4', 'C4', 'CP3', 'CP2']",0.54,"{""pca_components"": 3}",
PCA + Bandpower,Linear SVM,PP/PNP-RH,0.353,0.38257575757575757,0.3199152542372881,0.36150919919044255,0.3157894736842105,"['CP1', 'CP4', 'C4', 'CP3', 'CP5']",0.54,"{""pca_components"": 3}",
PCA + Bandpower,Linear SVM,PP/PNP-RH,0.59,0.6098484848484849,0.5677966101694916,0.5809454181504518,0.631578947368421,"['CP1', 'CP4', 'C4', 'CP3', 'CP6']",0.54,"{""pca_components"": 3}",
PCA + Bandpower,Linear SVM,PP/PNP-RH,0.317,0.3125,0.3220338983050847,0.32672748946479774,0.3684210526315789,"['CP1', 'CP4', 'C4', 'CP3', 'Fz']",0.54,"{""pca_components"": 3}",
PCA + Bandpower,Linear SVM,PP/PNP-RH,0.443,0.4356060606060606,0.451271186440678,0.45049223786005604,0.47368421052631576,"['CP1', 'CP4', 'C4', 'CP3', 'F1']",0.54,"{""pca_components"": 3}",
PCA + Bandpower,Linear SVM,PP/PNP-RH,0.333,0.35795454545454547,0.3050847457627119,0.3429480674500052,0.42105263157894735,"['CP1', 'CP4', 'C4', 'CP3', 'F2']",0.54,"{""pca_components"": 3}",
PCA + Bandpower,Linear SVM,PP/PNP-RH,0.456,0.44886363636363635,0.4639830508474576,0.45989085784721206,0.5263157894736842,"['CP1', 'CP4', 'C4', 'CP3', 'F3']",0.54,"{""pca_components"": 3}",
PCA + Bandpower,Linear SVM,PP/PNP-RH,0.35,0.3731060606060606,0.3241525423728814,0.3588235194862353,0.42105263157894735,"['CP1', 'CP4', 'C4', 'CP3', 'F4']",0.54,"{""pca_components"": 3}",
PCA + Bandpower,Linear SVM,PP/PNP-RH,0.381,0.38446969696969696,0.3771186440677966,0.3897350872349512,0.47368421052631576,"['CP1', 'CP4', 'C4', 'CP3', 'F7']",0.54,"{""pca_components"": 3}",
PCA + Bandpower,Linear SVM,PP/PNP-RH,0.354,0.39204545454545453,0.3114406779661017,0.3621863836196949,0.3684210526315789,"['CP1', 'CP4', 'C4', 'CP3', 'F8']",0.54,"{""pca_components"": 3}",
PCA + Bandpower,Linear SVM,PP/PNP-RH,0.388,0.3560606060606061,0.423728813559322,0.39874044679482445,0.42105263157894735,"['CP1', 'CP4', 'C4', 'CP3', 'Pz']",0.54,"{""pca_components"": 3}",
